signal_id	description	recall	recalled_pairs	missed_pairs	recovered_target_misses	recovered_pairs_list	avg_candidates	median_candidates	p95_candidates	max_candidates	zero_candidates	multi_match_pct	delta_tp	delta_cands	cands_per_tp	decision	runtime_sec
Champion_v1_Base	Baseline Surgical_Tail_Pipeline	99.9710%	34471	10	0/10	[]	1140.7	606	4245	10247	0	99.89%	0	0	0.0	ACCEPT	3.48
Signal_S1_Top4_Loc	Channel F Top-4 rarest tokens	99.9797%	34474	7	3/10	[('S1-252340060', 'S2-204288997'), ('S1-501450329', 'S2-199259611'), ('S1-650519043', 'S3-188471395')]	1706.0	1141	5183	12078	0	99.92%	3	5653253	1884417.7	REJECT	9.41
Signal_S2_Consonant_Tri	Consonant trigram prefix (freq <= 50)	99.9768%	34473	8	2/10	[('S1-202220816', 'S3-165062500'), ('S1-565551957', 'S2-982839186')]	1144.3	608	4250	10247	0	99.91%	2	36299	18149.5	ACCEPT	4.77
Signal_S3_Domain_Subwords	Sorted tokens in domain stem	99.9710%	34471	10	0/10	[]	1140.7	606	4245	10247	0	99.89%	0	40	0.0	REJECT	4.71
Signal_S4_State_Digit	US State + Digit composite (freq <= 50)	99.9768%	34473	8	2/10	[('S1-366520393', 'S2-387969176'), ('S1-494471528', 'S2-36296537')]	1141.1	607	4245	10247	0	99.91%	2	3756	1878.0	ACCEPT	4.59
Signal_S5_Alphanumeric_Unit	Alphanumeric address unit (3a, freq <= 100)	99.9739%	34472	9	1/10	[('S1-103266270', 'S3-629322375')]	1141.0	606	4245	10247	0	99.90%	1	2976	2976.0	REJECT (Collateral bloat vs 0 gain)	3.39
Signal_S6_Short_Street_State	2-char street name + State ('ii', 'wi')	99.9710%	34471	10	0/10	[]	1140.8	606	4245	10247	0	99.89%	0	907	0.0	REJECT (0 gain)	3.69
Champion_v2_Surgical	RECOMMENDED CHAMPION V2 (S2 Consonant-Tri + S4 State-Dig + S5 Unit)	99.9855%	34476	5	5/10	[('S1-103266270', 'S3-629322375'), ('S1-202220816', 'S3-165062500'), ('S1-366520393', 'S2-387969176'), ('S1-494471528', 'S2-36296537'), ('S1-565551957', 'S2-982839186')]	1145.0	609	4250	10247	0	99.94%	5	43025	8605.0	ACCEPT	5.86
Champion_v2_All_Accepted	Combined with Top-4 Loc (S1 + S2 + S3 + S4)	99.9913%	34478	3	7/10	[('S1-202220816', 'S3-165062500'), ('S1-252340060', 'S2-204288997'), ('S1-366520393', 'S2-387969176'), ('S1-494471528', 'S2-36296537'), ('S1-501450329', 'S2-199259611'), ('S1-565551957', 'S2-982839186'), ('S1-650519043', 'S3-188471395')]	1710.0	1146	5185	12078	0	99.97%	7	5692813	813259.0	ACCEPT	5.7
