experiment_id	s1_entity_id	target_entity_id	s1_name	target_name	s1_address	target_address
C2_A_Tok_Loc	S1-856572280	S2-269966367	Galaxy Hospitality Private Limited	Galaxy Hospitality Private  Ltd	3604, Tower 5, Crescent Bay, Jerbai Wadia Road, Parel-East, Mumbai, Mumbai City, Maharashtra	
C2_A_Tok_Loc	S1-961404006	S3-648366211	Congregation Israel	congregationisrael.com	1540 Hanover Street, Baltimore, MD	Hanover St, Baltimore, Maryland
C2_A_Tok_Loc	S1-497491866	S3-439663930	Perfect Infotech Private Limited	ಪರ್ಫೆಕ್ಟ್ ಇನ್‌ಫೋಟೆಕ್ ಪ್ರೈವೇಟ್ ಲಿಮಿಟೆಡ್	#1685, 3Rd Main Road, Rammohanpuram, Rajajinagar, Srirampuram, Bangalore North, Bangalore, Karnataka	#1685., 3Rd Main Road, Rammohanpuram, Rajajinagar, Srirampuram, Bangalore North, Bangalore, ಕರ್ನಾಟಕ
C2_A_Tok_Loc	S1-186509450	S2-751404229	Digital Construction Private Limited	ഡിജിറ്റൽ കൺസ്ട്രക്ഷൻ പ്രൈവറ്റ് ലിമിറ്റഡ്	Kiliyileth Building, 2Nd Floor, Nh Road, Opposite Smart Bazar Pattom Kesavadasapuram, Thiruvananthapuram, Thiruvananthapuram, Tc 2/3592, Kerala, Trivandrum	TC 2/3592, KILIYILETH BUILDING, 2ND FLOOR, NH ROAD, OPPOSITE SMART BAZAR PATTOM KESAVADASAPURAM, THIRUVANANTHAPURAM, THIRUVANANTHAPURAM, TRIVANDRUM, Kerala
C2_A_Tok_Loc	S1-734981473	S3-424987523	Hynda Hahn Term LLC	Hynda Hahn LLC Partners	1657 Harvard Avenue, Unit B, Columbus, OH	
C2_A_Tok_Loc	S1-53898557	S3-970135965	Crestline	Crestline Associates	Highlands, NC, 135 Old Wagon Trail	
C2_A_Tok_Loc	S1-761690016	S3-184076691	Ace Foundation Private Limited	ஏஸ் ஃபவுண்டேஷன் பிரைவேட் லிமிடெட்	3B, Yeses Square. 84, Greenways Road R.A.Puram, Chennai, Tamil Nadu	3B, Yeses Square. 84, Greenways Road R.a.puram, Chennai, TN
C2_A_Tok_Loc	S1-526017514	S2-717060051	Shreehari Welfare Society	welfareshreeharisociety.com	A-410 Celebration City Centre, South Bopal, Daskroi, Ahmedabad, Gujarat	A-41 CELEBRATION CITY CENTRE, SOUTH BOPAL, AHMEDABAD, DASKROI, Gujarat
C2_A_Tok_Loc	S1-142532242	S2-473821043	Thar Sangh	tharsangh.com	H.No-46, Sec-6, Bahadurgarh, Jhajjar, Haryana	H.NO-46, SEC-6, BAHADURGARH, Haryana
C2_A_Tok_Loc	S1-208918727	S3-380588608	Silver Solutions Limited	सिल्वर सॉल्यूशंस लिमिटेड	Shop No 2Plot No 2 Ground Floor Kamrvddin Nagar, New Delhi, North Delhi, Delhi	No 2Plot No 2 Ground Floor Kamrvddin Nagar, New Delhi, North Delhi, DL
C2_A_Tok_Loc	S1-12704643	S3-136528659	Dermatology Associates	dermatologyassoc.com	1816 37th Drive, Phoenix, AZ	1816 37th Drive, Pheonix, Arizona
C2_A_Tok_Loc	S1-217906743	S3-872857221	Diamond Certified Boral-Vidor	diamondcertifiedboralvidor.com	476 Bolivar Street, Vidor, TX	476B Bolivar St, Vidor, Texas
C2_A_Tok_Loc	S1-824919785	S3-781959230	AL Transport Private Limited	AL Trnsort Private (Limited)	Tamil Nadu, Manasarover Oyster Bay Anand Farms Muttukadu Village, Chingleput Taluk, Kancheepuram, House No.24	Kancheepuram, TN, Kancheepuram, House No.24
C2_A_Tok_Loc	S1-668808000	S3-602748911	Real Products Private Limited	रियल प्रोडक्ट्स प्राइवेट लिमिटेड	Flat No. 804, 8Th Floor, Junior Mig, Vijay Stambh, Huzur, Bhopal, Madhya Pradesh	#8-04, 8Th Floor, Junior Mig, Vijay Stambh, Huzur, Bhopal, MP
C2_A_Tok_Loc	S1-978860820	S2-727438188	Bombay Projects	बॉम्बे प्रोजेक्ट्स	A-370 Kalka Ji, New Delhi, South Delhi, Delhi	A-370 KALKA JI, NEW DELHI, SOUTH DELHI, Delhi
C2_A_Tok_Loc	S1-188798849	S3-184755441	Gold Investment LLP	கோல்டு இன்வெஸ்ட்மெண்ட் எல்எல்பி	No.54, Sivamurugan Nagar (Jayalakshmi Nagar) Nandivaram, Guduvanchery, Kancheepuram, Tamil Nadu	No.54, Sivamurugan Nagar (Jayalakshmi Nagar) Nandivaram, Kancheepuram, Guduvanchery, TN
C2_A_Tok_Loc	S1-197015283	S2-402684882	Sk Services LLP	Shri SK SERVICES LLP	No.1/269, Main Road, Manakkal, Ayyampettai, Thiruvarur, Tamil Nadu	NO.001/269 , MAIN ROAD, MANAKKAL, AYYAMPETTAI, Tamil Nadu
C2_A_Tok_Loc	S1-219247185	S3-813142469	Grand Engineering Ventures Lily Inc	Grand Engineering  Ventures	KY, Lily, 29 Lily School Road	
C2_A_Tok_Loc	S1-459084536	S2-348489892	Haney Direct Park Inc.	DIRECTPARK.COM	20 Boulder Mountain Drive, Flat Rock, NC	BOULDER MOUNTAIN DR, FLAT ROCK, NC
C2_A_Tok_Loc	S1-52726701	S3-368542224	East Real Systems Private Limited	ईस्ट रियल सिस्टम्स प्राइवेट लिमिटेड	C-34, Jagdamba Nagar, Heerapura, Ajmer Road, Jaipur, Rajasthan	C-34, Jagdamba Nagar, Heerapura, Ajmer Road, Jaipur, RJ
C2_A_Tok_Loc	S1-10014495	S2-718409345	Pediatric Dental Care of Cross Plains	PEDIATRIC DENTAL CARE OF CROSS PLAINS	4716 Greer Lane, Cross Plains, TN	
C2_A_Tok_Loc	S1-627161569	S3-709575688	Leonard Preferred Line	leonardpreferredline.com	78 Park Street, Boothbay Harbor, ME	78 Park St, Boothbay Harbor, Maine
C2_A_Tok_Loc	S1-433327547	S3-896073866	Family Partners	Family Partners LLC	2162 19th Street, Owensboro, KY	Kentucky, 2162 19th Saint, Oewnsboro
C2_A_Tok_Loc	S1-405947121	S2-476209538	Green Finance Private Limited	గ్రీన్ ఫైనాన్స్ ప్రైవేట్ లిమిటెడ్	Pn9/2Gaiabuilding, Sector2, Hudatechnoenclavhiteccity, Shaikpet, Hyderabad, Telangana	PN9/2GAIABUILDING, SHAIKPET, HYDERABAD, Telangana
C2_A_Tok_Loc	S1-169369103	S2-639921238	Golden Business Private Limited	ಗೋಲ್ಡನ್ ಬಿಸಿನೆಸ್ ಪ್ರೈವೇಟ್ ಲಿಮಿಟೆಡ್	Hubli, Dharwar, Karnataka, Bardansal	PLOT 200/3 BARDANSAL, HUBBALLI, HUBLI DHARWAD, Karnataka
C2_A_Tok_Loc	S1-857319854	S2-320815153	Super Global Private Limited	சூப்பர் குளோபல் பிரைவேட் லிமிடெட்	East Garden, Thirumalaiyampalaiyam, Tamil Nadu, 15/2, Coimbatore, Coimbatore South	15/2, COIMBATORE, Tamil Nadu
C2_A_Tok_Loc	S1-621701755	S2-748746820	Ma Instruments Pvt Ltd	Ma Instruments Ltd Pvt	No.284, 3Rd Cross, Kirloskar L/O, Bangalore, Karnataka	
C2_A_Tok_Loc	S1-903800568	S3-541382788	Arihant Software Private Limited	অরিহন্ত সফটওয়্যার প্রাইভেট লিমিটেড	Mohiniapartment, Flatno.A-9, 3Rdfloormohisgote, P.O.-Krishnapur, Kolkata, Kolkata, Howrah, West Bengal	Mohiniapartment, Kolkata, Howrah, WB
C2_A_Tok_Loc	S1-998381577	S3-642439992	Dynamic Developers Private Limited	DD	House No. 290, Shiroshi, Jawhar, Thane, Maharashtra	House No. 290, Shiroshi, Jawhar, Thane, Maharashtra
C2_A_Tok_Loc	S1-283654510	S2-145152263	High Healthcare Pvt Ltd	ಹೈ ಹೆಲ್ತ್‌ಕೇರ್ ಪ್ರೈವೇಟ್ ಲಿಮಿಟೆಡ್	Flat No. 705, S V Spring Woods, Kanakapura Main Road, Thalaghattapura, Bangalore South, Bangalore, Karnataka	FLAT NO. 705, BANGALORE, BANGALORE SOUTH, Karnataka
C2_A_Tok_Loc	S1-545437901	S3-789552183	Ulloa Family Practice	Ulloa Ulloa Family	6393 Stone Park Cove, Memphis, TN	
C2_A_Tok_Loc	S1-384547697	S3-242998565	PKI Nursing Private Limited	Tavodrex	Unit No. 611, Anand Nagar, Reliables Pride, Jogeshwari West, Jogeshwari West, Mumbai, Maharashtra	Unit No. 611, Anand Nagar, Reliables Pride, Jogeshwari West, Jogeshwari West, N/A, MH
C2_A_Tok_Loc	S1-81812107	S2-407444829	Dareon Inc.	Orbigild --	1329 Oakley Boulevard, Chicago, IL	1329 OAKLEY BLVD, CHICAGO, IL
C2_A_Tok_Loc	S1-908231011	S2-457532126	Karthikeya Tech Ltd	Karthikeya Ltd  Services	115 Jodhpur Park, Kolkata, Howrah, West Bengal	
C2_A_Tok_Loc	S1-437735058	S3-538412757	Fortune Services Private Limited	F0rtune Services-Private  Limited	H No 63, Srr Heights, Op Vnr College Lane, Rangareddy, K.V.Rangareddy, Telangana	No 63, Srr Heights, Op Vnr College Lane, Rangareddy, K.v.rangareddy, TG
C2_A_Tok_Loc	S1-185614250	S3-283290426	Guru Healthcare LLP	Guruhealthcare.Com	Survey No 76/12, At. Badarpur Khodla, Ta.Palanpur, Dist.Banaskantha, Badarpura, (Khodla), Palanpur, Banas Kantha, Gujarat	At. Badarpur Khodla, Ta.palanpur, Dist.banaskantha, Badarpura, (Khodla), GJ, Banas Kantha, Surhey No 76/1, Palanpur
C2_A_Tok_Loc	S1-707839887	S3-659649253	Anand International Private Limited	आनंद इंटरनेशनल प्राइवेट लिमिटेड	No. 301 3Rd Floor Giri Building, Opp. Prefect Driving School Near Kalyan Court Kalyan Murbad Road, Kalyan, Thane, Maharashtra	No. 301 3Rd Floor Giri Building, Pune, Thane, MH
C2_A_Tok_Loc	S1-612804179	S3-547322574	Bright Projects Private Limited	Bright Projects Private Enterprises	Killa No. 4223, Mu No. 47, Khatoni No. 529, 146, Karma Proseser, Faridabad, Haryana	
C2_A_Tok_Loc	S1-161428345	S3-561756807	Dois Trust Inc	Vantageectovera	Manhattan, KS, 6024 Patterson Drive	Manhattan, Kansas, 005948 Patterson Dr
C2_A_Tok_Loc	S1-602021544	S2-622207989	Clarion & Co	Calion and  Co	East Patel Nagar Ground Floor, East Patel Nagar, 26/1, Delhi, South West Delhi	26, EAST PATEL NAGAR GROUND FLOOR, EAST PATEL NAGAR, DELHI, SOUTH WEST DELHI, दिल्ली
C2_A_Tok_Loc	S1-526382008	S2-215433095	Kestay Roofing	Kestay [Roofing]	22797 202nd Street, Queen Creek, AZ	22797 202ND STREET, QUEEN CREEK, AZ
C2_A_Tok_Loc	S1-836805173	S2-865423602	Gujarat Marketing Limited	GUJARAT MARKETIG LIMITED	A-601, Bhairav Off Veera Desai Road, Andheri (W), Mumbai, Mumbai City, Maharashtra	
C2_A_Tok_Loc	S1-379409919	S3-147754610	Shiva Consultants Private Limited	shivaconsultants.com	550 2Nd Floor, Chirag Delhi, New Delhi, Delhi	Malviya Nagar, New Delhi, DL, No 550 2Nd Floor, Chirag Delhi
C2_A_Tok_Loc	S1-925404974	S2-809816365	Bharat Consulting Private Limited	பாரத் கன்சல்டிங் பிரைவேட் லிமிடெட்	3/200, M.Nedunkulam Paramakudi Taluk, Ramanathapuram, Tamil Nadu	#897 3/200, M.NEDUNKULAM PARAMAKUDI TALUK, RAMANATHAPURAM, Tamil Nadu
C2_A_Tok_Loc	S1-813957725	S2-899592732	Tello, Lanie, P.A., P.C.	Tello, Lanie, P.A., Inc	624 Prospect Street, Unit 1/2, Bucyrus, OH	
C2_A_Tok_Loc	S1-164305441	S2-446018007	Sullivan, Murphy & Dickinson Third PLLC	sullivanmurphydickinson.com	299 Red Oak Drive, Aitkin, MN	RED OAK DRIVE, AITKN, MN
C2_A_Tok_Loc	S1-763896114	S3-996041427	Swastik Consultancy LLP	स्वस्तिक कंसल्टेंसी एलएलपी	113, Ist Floor, Vardhmanshopping Cnetre, Pitampura, Delhi	113, Ist Floor, Vardhmanshopping Cnetre, Pitampura, Delhi, DL
C2_A_Tok_Loc	S1-207357649	S3-251869722	Combs Unified Magna	combsunifiedmagna.com	3440 Clinton Avenue, Berwyn, IL	3440 Clinton Avenue, Berwyn, Illinois
C2_A_Tok_Loc	S1-412605239	S2-437318728	Great International Private Limited	ग्रेट इंटरनेशनल प्राइवेट लिमिटेड	614, At Chhapiya, Sader, Gorakhpur, Uttar Pradesh	HN 246 614, AT CHHAPIYA, SADER, GORAKHPUR, Uttar Pradesh
C2_A_Tok_Loc	S1-194788356	S2-859745137	Daque Starwood, Inc	Tav0zeph	9087 Shipyard Lane, Blaine, WA	SHIPYARD LN, BLAINE, WA
C2_B_Tok_Dig	S1-236233096	S2-594022887	Rodriguez Commodity P.C.	Rodriguez Commodity	20 Havemeyer Street, Brooklyn, NY	0020 HAVEMEYER ST, BROOKLYN, NY
C2_B_Tok_Dig	S1-808273352	S3-668262232	Innovative Products LLP	Innovative Products	Wework Seawoods Grand Central, Thane, 10Th Floor, Tower 1, Sector 40, Seawoods Railway Station, Nerul Node, Navi Mumbai, Maharashtra, Thane	Wework Seawoods Grand Central, Thane, Neral, MH
C2_B_Tok_Dig	S1-856572280	S2-269966367	Galaxy Hospitality Private Limited	Galaxy Hospitality Private  Ltd	3604, Tower 5, Crescent Bay, Jerbai Wadia Road, Parel-East, Mumbai, Mumbai City, Maharashtra	
C2_B_Tok_Dig	S1-500931751	S2-505660273	Sanchez Premier Schwab	Sanchez Schwab Premier	222 William Street, Waverly, NY	22 WILLIAM STREET, WAVERLY, NY
C2_B_Tok_Dig	S1-961404006	S3-648366211	Congregation Israel	congregationisrael.com	1540 Hanover Street, Baltimore, MD	Hanover St, Baltimore, Maryland
C2_B_Tok_Dig	S1-497491866	S3-439663930	Perfect Infotech Private Limited	ಪರ್ಫೆಕ್ಟ್ ಇನ್‌ಫೋಟೆಕ್ ಪ್ರೈವೇಟ್ ಲಿಮಿಟೆಡ್	#1685, 3Rd Main Road, Rammohanpuram, Rajajinagar, Srirampuram, Bangalore North, Bangalore, Karnataka	#1685., 3Rd Main Road, Rammohanpuram, Rajajinagar, Srirampuram, Bangalore North, Bangalore, ಕರ್ನಾಟಕ
C2_B_Tok_Dig	S1-186509450	S2-751404229	Digital Construction Private Limited	ഡിജിറ്റൽ കൺസ്ട്രക്ഷൻ പ്രൈവറ്റ് ലിമിറ്റഡ്	Kiliyileth Building, 2Nd Floor, Nh Road, Opposite Smart Bazar Pattom Kesavadasapuram, Thiruvananthapuram, Thiruvananthapuram, Tc 2/3592, Kerala, Trivandrum	TC 2/3592, KILIYILETH BUILDING, 2ND FLOOR, NH ROAD, OPPOSITE SMART BAZAR PATTOM KESAVADASAPURAM, THIRUVANANTHAPURAM, THIRUVANANTHAPURAM, TRIVANDRUM, Kerala
C2_B_Tok_Dig	S1-734981473	S3-424987523	Hynda Hahn Term LLC	Hynda Hahn LLC Partners	1657 Harvard Avenue, Unit B, Columbus, OH	
C2_B_Tok_Dig	S1-342508896	S3-949593035	Praniya Foundation Private Limited	Praniya Private Foundation Limited	U.Nob23 Phase2 Technocrat, Coperative Industrial Est, Rangareddy, Hyderabad, Telangana	Rangareddy, U.nob23 Phase2 Technocrat, Hyderabad, Andhra Pradesh
C2_B_Tok_Dig	S1-53898557	S3-970135965	Crestline	Crestline Associates	Highlands, NC, 135 Old Wagon Trail	
C2_B_Tok_Dig	S1-761690016	S3-184076691	Ace Foundation Private Limited	ஏஸ் ஃபவுண்டேஷன் பிரைவேட் லிமிடெட்	3B, Yeses Square. 84, Greenways Road R.A.Puram, Chennai, Tamil Nadu	3B, Yeses Square. 84, Greenways Road R.a.puram, Chennai, TN
C2_B_Tok_Dig	S1-526017514	S2-717060051	Shreehari Welfare Society	welfareshreeharisociety.com	A-410 Celebration City Centre, South Bopal, Daskroi, Ahmedabad, Gujarat	A-41 CELEBRATION CITY CENTRE, SOUTH BOPAL, AHMEDABAD, DASKROI, Gujarat
C2_B_Tok_Dig	S1-201005864	S3-851598403	Raj Producer Private Limited	রাজ প্রডিউসার প্রাইভেট লিমিটেড	C/O Ambubachi India Pvt Ltd Sarkar Para Bankim Nagar, Po-Sevoke Road, Siliguri, Darjiling, Darjeeling, West Bengal	C/o Ambubachi India Pvt Ltd Sarkar Para Bankim Nagar, Po-sevoke Road, Siliguri, Darjiling, Darjeeling, পশ্চিমবঙ্গ
C2_B_Tok_Dig	S1-142532242	S2-473821043	Thar Sangh	tharsangh.com	H.No-46, Sec-6, Bahadurgarh, Jhajjar, Haryana	H.NO-46, SEC-6, BAHADURGARH, Haryana
C2_B_Tok_Dig	S1-208918727	S3-380588608	Silver Solutions Limited	सिल्वर सॉल्यूशंस लिमिटेड	Shop No 2Plot No 2 Ground Floor Kamrvddin Nagar, New Delhi, North Delhi, Delhi	No 2Plot No 2 Ground Floor Kamrvddin Nagar, New Delhi, North Delhi, DL
C2_B_Tok_Dig	S1-12704643	S3-136528659	Dermatology Associates	dermatologyassoc.com	1816 37th Drive, Phoenix, AZ	1816 37th Drive, Pheonix, Arizona
C2_B_Tok_Dig	S1-879591965	S3-104444364	Super 87 Grill	Super 87 87 Grill Corporation - 7503683875	705 2nd Avenue, Newton, IA	00705 2nd Avenue, PMB 6502, Newton, Iowa
C2_B_Tok_Dig	S1-217906743	S3-872857221	Diamond Certified Boral-Vidor	diamondcertifiedboralvidor.com	476 Bolivar Street, Vidor, TX	476B Bolivar St, Vidor, Texas
C2_B_Tok_Dig	S1-737325393	S3-76158400	Orthopedic Prime Health Corp	Orthopedic Prime	6941 Greenbriar Drive, Owasso, OK	941 Greenbriar Dr, Owasso, Oklahoma
C2_B_Tok_Dig	S1-77874756	S3-567432375	Honey Brothers	Honey-Brothers	Bengaluru, Karnataka, D4 - Maple Block, Regency Pinnacle Heights Apt Rachenahalli, Bangalore	Dc-4 - Maple Block, Regency Pinnacle Heights Apt Rachenahalli, KA, Bengaluru, Bangalore
C2_B_Tok_Dig	S1-311076532	S3-458055662	Dynamic Business	Dynamic  Bulsnses	Second Floor Behind Taxi Stand, Nagori G, Arden, Rajasthan, Bhilwara, Sarvoday Apna Bazar	Second Floor Behind Taxi Stand, Nagori G, Arden, Bhilwara, राजस्थान, Bhilwara, Sarvoday Apna Bazar
C2_B_Tok_Dig	S1-668808000	S3-602748911	Real Products Private Limited	रियल प्रोडक्ट्स प्राइवेट लिमिटेड	Flat No. 804, 8Th Floor, Junior Mig, Vijay Stambh, Huzur, Bhopal, Madhya Pradesh	#8-04, 8Th Floor, Junior Mig, Vijay Stambh, Huzur, Bhopal, MP
C2_B_Tok_Dig	S1-978860820	S2-727438188	Bombay Projects	बॉम्बे प्रोजेक्ट्स	A-370 Kalka Ji, New Delhi, South Delhi, Delhi	A-370 KALKA JI, NEW DELHI, SOUTH DELHI, Delhi
C2_B_Tok_Dig	S1-188798849	S3-184755441	Gold Investment LLP	கோல்டு இன்வெஸ்ட்மெண்ட் எல்எல்பி	No.54, Sivamurugan Nagar (Jayalakshmi Nagar) Nandivaram, Guduvanchery, Kancheepuram, Tamil Nadu	No.54, Sivamurugan Nagar (Jayalakshmi Nagar) Nandivaram, Kancheepuram, Guduvanchery, TN
C2_B_Tok_Dig	S1-824919785	S3-781959230	AL Transport Private Limited	AL Trnsort Private (Limited)	Tamil Nadu, Manasarover Oyster Bay Anand Farms Muttukadu Village, Chingleput Taluk, Kancheepuram, House No.24	Kancheepuram, TN, Kancheepuram, House No.24
C2_B_Tok_Dig	S1-100661811	S2-38026441	Total Yhn Inc	Tfoaal Yhn-Inc	11020 Greenhead View Road, Charlotte, NC	0011020 GREENHEAD VIEW RD, NC, CHARLOTTE
C2_B_Tok_Dig	S1-872713421	S2-857553054	Robin Ferrand Better Pharmaceutical LLC	Robin Ferrand 8etter Pharmaceutical	1749 Section Street, Sullivan, IN	1750 SECTION ST, SULLIVAN, IN
C2_B_Tok_Dig	S1-942753942	S2-15662059	West Clearthink	West Clearthink	3115 Cedarwood Drive, Durham, NC	311 CEDARWOOD DR, DURHAM, NC
C2_B_Tok_Dig	S1-735142385	S3-835557693	Madhav Sports Co	Madhav Sports Co	Kh No 229, Puniyo Ki Pyau, Jodhpur, Rajasthan	Kh No 729, Puniyo Ki Pyau, Jodhpur, Rajasthan, RJ
C2_B_Tok_Dig	S1-581901297	S3-372571974	Hetty Mcguire Meshflow Associates	Hetty Mcguire Méshflow Associates	7305 Eleanor Place, Darien, IL	Eleanor Place, Darien, Illinois
C2_B_Tok_Dig	S1-197015283	S2-402684882	Sk Services LLP	Shri SK SERVICES LLP	No.1/269, Main Road, Manakkal, Ayyampettai, Thiruvarur, Tamil Nadu	NO.001/269 , MAIN ROAD, MANAKKAL, AYYAMPETTAI, Tamil Nadu
C2_B_Tok_Dig	S1-114344031	S2-506419317	West Bhav	West Bhav	38 Birch Court, Southampton, NY	0038 BIRCH CT, SOUTHAMPTON, NY
C2_B_Tok_Dig	S1-219247185	S3-813142469	Grand Engineering Ventures Lily Inc	Grand Engineering  Ventures	KY, Lily, 29 Lily School Road	
C2_B_Tok_Dig	S1-459084536	S2-348489892	Haney Direct Park Inc.	DIRECTPARK.COM	20 Boulder Mountain Drive, Flat Rock, NC	BOULDER MOUNTAIN DR, FLAT ROCK, NC
C2_B_Tok_Dig	S1-52726701	S3-368542224	East Real Systems Private Limited	ईस्ट रियल सिस्टम्स प्राइवेट लिमिटेड	C-34, Jagdamba Nagar, Heerapura, Ajmer Road, Jaipur, Rajasthan	C-34, Jagdamba Nagar, Heerapura, Ajmer Road, Jaipur, RJ
C2_B_Tok_Dig	S1-933165713	S3-772981895	Prevision Projects Limited	Prevision Projects	115Bashyasarlu Road West R S Puram, Coimbatore, Tamil Nadu	No 1-15Bashyasarlu Road West R S Puram, Coimbatore, TN
C2_B_Tok_Dig	S1-282330093	S2-604028394	Highland Guild	HIGHLAND GUILD BÓARD	6341 Upper River Road, Somerville, AL	UPPER RIVER RD, SOMERVILLE, AL
C2_B_Tok_Dig	S1-10014495	S2-718409345	Pediatric Dental Care of Cross Plains	PEDIATRIC DENTAL CARE OF CROSS PLAINS	4716 Greer Lane, Cross Plains, TN	
C2_B_Tok_Dig	S1-129130406	S3-959271584	Unique Homes Private Limited	Private Unique Homes Ltd	C/O Sunita Sinha West Gate Of Jain College, Katira, Ara, Bhojpur, Bihar	C/o Sunita Sinha West Gate Of Jain College, Katira, Ara, BR
C2_B_Tok_Dig	S1-627161569	S3-709575688	Leonard Preferred Line	leonardpreferredline.com	78 Park Street, Boothbay Harbor, ME	78 Park St, Boothbay Harbor, Maine
C2_B_Tok_Dig	S1-131915069	S2-108979443	Chikmagalur Sciences Pvt. Ltd.	Chikmagalur Sciences Pvt.	Basavanahally Main Road, Near Aruna Nursing, Chikmagalur, Chickmagalur, Karnataka	BASAVANAHALLY MAIN ROAD, NEAR ARUNA NURSING, CHIKMAGALUR, ಕರ್ನಾಟಕ
C2_B_Tok_Dig	S1-8782849	S3-993962171	Complete National LLC	Complete National - 2916657699	210 Cannon Street, IA, Paullina	208 Cannon St, Union Township, Iowa
C2_B_Tok_Dig	S1-920225616	S2-520374561	Budasoft Bright Inc	Budasoft Bright Inc	Quincy, 2001 Marina Drive, MA, Unit 413	QUINCY, MA, 002001 MARINA DR
C2_B_Tok_Dig	S1-405947121	S2-476209538	Green Finance Private Limited	గ్రీన్ ఫైనాన్స్ ప్రైవేట్ లిమిటెడ్	Pn9/2Gaiabuilding, Sector2, Hudatechnoenclavhiteccity, Shaikpet, Hyderabad, Telangana	PN9/2GAIABUILDING, SHAIKPET, HYDERABAD, Telangana
C2_B_Tok_Dig	S1-899968940	S2-720247742	Technologies Blue Forever Limited	Technologies Blue Forever Limited Limited	C/O City Trade Arcade, Near Sunshine Field (East) Cuttack, Cuttack, Orissa	H.NO 763 C/O CITY TRADE ARCADE, NEAR SUNSHINE FIELD (EAST) CUTTACK, CUTTACK, Orissa
C2_B_Tok_Dig	S1-857319854	S2-320815153	Super Global Private Limited	சூப்பர் குளோபல் பிரைவேட் லிமிடெட்	East Garden, Thirumalaiyampalaiyam, Tamil Nadu, 15/2, Coimbatore, Coimbatore South	15/2, COIMBATORE, Tamil Nadu
C2_B_Tok_Dig	S1-169369103	S2-639921238	Golden Business Private Limited	ಗೋಲ್ಡನ್ ಬಿಸಿನೆಸ್ ಪ್ರೈವೇಟ್ ಲಿಮಿಟೆಡ್	Hubli, Dharwar, Karnataka, Bardansal	PLOT 200/3 BARDANSAL, HUBBALLI, HUBLI DHARWAD, Karnataka
C2_B_Tok_Dig	S1-621701755	S2-748746820	Ma Instruments Pvt Ltd	Ma Instruments Ltd Pvt	No.284, 3Rd Cross, Kirloskar L/O, Bangalore, Karnataka	
C2_B_Tok_Dig	S1-31577444	S2-290261950	Holy Zion Corp	Corp Holy Zorn	48 Richland Cove, Jackson, TN	RICHLAND CV, JACKSONC ITY, TN
C2_B_Tok_Dig	S1-903800568	S3-541382788	Arihant Software Private Limited	অরিহন্ত সফটওয়্যার প্রাইভেট লিমিটেড	Mohiniapartment, Flatno.A-9, 3Rdfloormohisgote, P.O.-Krishnapur, Kolkata, Kolkata, Howrah, West Bengal	Mohiniapartment, Kolkata, Howrah, WB
C2_C_Pref_Loc	S1-251090779	S3-799093359	Ez Tech Pvt Ltd	Mr Ez Tech Pvt	House No-74B/2, Kh No-34/12, Meera Kunj Nilothi Extn, Chander Vihar, New Delhi, New Delhi, Delhi	House No-74b/2, Kh No-34/12, Meera Kunj Nilothi Extn, Chander Vihar, New Delhi, New Delhi, DL
C2_C_Pref_Loc	S1-856572280	S2-269966367	Galaxy Hospitality Private Limited	Galaxy Hospitality Private  Ltd	3604, Tower 5, Crescent Bay, Jerbai Wadia Road, Parel-East, Mumbai, Mumbai City, Maharashtra	
C2_C_Pref_Loc	S1-987893246	S3-726141109	Ramirez Defi	Onyxkorevo formerly known as Ramirez Defi	305 Lee Drive, Havelock, NC	305 Lee Drive, Havelock, NC
C2_C_Pref_Loc	S1-497491866	S3-439663930	Perfect Infotech Private Limited	ಪರ್ಫೆಕ್ಟ್ ಇನ್‌ಫೋಟೆಕ್ ಪ್ರೈವೇಟ್ ಲಿಮಿಟೆಡ್	#1685, 3Rd Main Road, Rammohanpuram, Rajajinagar, Srirampuram, Bangalore North, Bangalore, Karnataka	#1685., 3Rd Main Road, Rammohanpuram, Rajajinagar, Srirampuram, Bangalore North, Bangalore, ಕರ್ನಾಟಕ
C2_C_Pref_Loc	S1-186509450	S2-751404229	Digital Construction Private Limited	ഡിജിറ്റൽ കൺസ്ട്രക്ഷൻ പ്രൈവറ്റ് ലിമിറ്റഡ്	Kiliyileth Building, 2Nd Floor, Nh Road, Opposite Smart Bazar Pattom Kesavadasapuram, Thiruvananthapuram, Thiruvananthapuram, Tc 2/3592, Kerala, Trivandrum	TC 2/3592, KILIYILETH BUILDING, 2ND FLOOR, NH ROAD, OPPOSITE SMART BAZAR PATTOM KESAVADASAPURAM, THIRUVANANTHAPURAM, THIRUVANANTHAPURAM, TRIVANDRUM, Kerala
C2_C_Pref_Loc	S1-405926825	S2-62518002	Foot & Ankle Specialists LLC	... Foot & Ank1e Specialists LLC	250 Elizabeth Way, Unit 2076, Chandler, AZ	250 ELIZABETH WAY, CHANDLERCITY, AZ
C2_C_Pref_Loc	S1-493054559	S2-208446343	Mk Brothers Ltd	Smt Mk Bróthers Ltd	Bidyanandapur, Bardhaman, West Bengal, Vill- Karanjbera P. O. Bidyanandapur, H. No 10 N	পশ্চিমবঙ্গ, 10 N, VILL- KARANJBERA P. O. BIDYANANDAPUR, BIDYANANDAPUR
C2_C_Pref_Loc	S1-734981473	S3-424987523	Hynda Hahn Term LLC	Hynda Hahn LLC Partners	1657 Harvard Avenue, Unit B, Columbus, OH	
C2_C_Pref_Loc	S1-53898557	S3-970135965	Crestline	Crestline Associates	Highlands, NC, 135 Old Wagon Trail	
C2_C_Pref_Loc	S1-761690016	S3-184076691	Ace Foundation Private Limited	ஏஸ் ஃபவுண்டேஷன் பிரைவேட் லிமிடெட்	3B, Yeses Square. 84, Greenways Road R.A.Puram, Chennai, Tamil Nadu	3B, Yeses Square. 84, Greenways Road R.a.puram, Chennai, TN
C2_C_Pref_Loc	S1-914400209	S3-887945357	Flores's Painting LLC	Center Flores's LLC	579 Buck Island Road, Unit 148, Yarmouth, MA	579 Buck Island Road, Unit 148, Yarmouth, Massachusetts
C2_C_Pref_Loc	S1-526017514	S2-717060051	Shreehari Welfare Society	welfareshreeharisociety.com	A-410 Celebration City Centre, South Bopal, Daskroi, Ahmedabad, Gujarat	A-41 CELEBRATION CITY CENTRE, SOUTH BOPAL, AHMEDABAD, DASKROI, Gujarat
C2_C_Pref_Loc	S1-269624152	S3-658951175	Cornerstone Valley Defi, Inc	The Cornerstone Valley Defi, Ínc	160 Elk Meadow Drive, Nelson County, VA	160 Elk Meadow Drive, Affton, Virginia
C2_C_Pref_Loc	S1-67182475	S3-397934067	Womens Health Medicine	Arcyuma formerly known as Womens Health Medicine	1554 Claudia Lane, Bldg 5330, Marysville, OH	1554 Claudia Lane, Bldg 5330, Marysville, OH
C2_C_Pref_Loc	S1-12704643	S3-136528659	Dermatology Associates	dermatologyassoc.com	1816 37th Drive, Phoenix, AZ	1816 37th Drive, Pheonix, Arizona
C2_C_Pref_Loc	S1-564382261	S3-702742162	Pramila Holdings	Sri Pramila Holdings (Services)	Faridabad, Haryana, 406 Sector-19, Faridabad	Faridabad, H.no 406 Sector-19, Faridabad, HR
C2_C_Pref_Loc	S1-321429014	S3-884414654	Wallis Burtech-Lowell	Veosolonyx d/b/a Wallis Burtech-Lowell	309 Douglas Road, Lowell, MA	309 Douglas Road, Lowell, MA
C2_C_Pref_Loc	S1-668808000	S3-602748911	Real Products Private Limited	रियल प्रोडक्ट्स प्राइवेट लिमिटेड	Flat No. 804, 8Th Floor, Junior Mig, Vijay Stambh, Huzur, Bhopal, Madhya Pradesh	#8-04, 8Th Floor, Junior Mig, Vijay Stambh, Huzur, Bhopal, MP
C2_C_Pref_Loc	S1-978860820	S2-727438188	Bombay Projects	बॉम्बे प्रोजेक्ट्स	A-370 Kalka Ji, New Delhi, South Delhi, Delhi	A-370 KALKA JI, NEW DELHI, SOUTH DELHI, Delhi
C2_C_Pref_Loc	S1-188798849	S3-184755441	Gold Investment LLP	கோல்டு இன்வெஸ்ட்மெண்ட் எல்எல்பி	No.54, Sivamurugan Nagar (Jayalakshmi Nagar) Nandivaram, Guduvanchery, Kancheepuram, Tamil Nadu	No.54, Sivamurugan Nagar (Jayalakshmi Nagar) Nandivaram, Kancheepuram, Guduvanchery, TN
C2_C_Pref_Loc	S1-100661811	S2-38026441	Total Yhn Inc	Tfoaal Yhn-Inc	11020 Greenhead View Road, Charlotte, NC	0011020 GREENHEAD VIEW RD, NC, CHARLOTTE
C2_C_Pref_Loc	S1-197015283	S2-402684882	Sk Services LLP	Shri SK SERVICES LLP	No.1/269, Main Road, Manakkal, Ayyampettai, Thiruvarur, Tamil Nadu	NO.001/269 , MAIN ROAD, MANAKKAL, AYYAMPETTAI, Tamil Nadu
C2_C_Pref_Loc	S1-219247185	S3-813142469	Grand Engineering Ventures Lily Inc	Grand Engineering  Ventures	KY, Lily, 29 Lily School Road	
C2_C_Pref_Loc	S1-459084536	S2-348489892	Haney Direct Park Inc.	DIRECTPARK.COM	20 Boulder Mountain Drive, Flat Rock, NC	BOULDER MOUNTAIN DR, FLAT ROCK, NC
C2_C_Pref_Loc	S1-309645983	S2-848995133	Rajas Biotech Limited	Smt RAJAS BIOTECH (LIMITED)	Off No. 537, Nirmal Galaxy Commn Bldg, Near Deep Mandir, Mumbai, Maharashtra	OFF NO. ##537, NIRMAL GALAXY COMMN BLDG, NEAR DEEP MANDIR, MUMBAI, Maharashtra
C2_C_Pref_Loc	S1-52726701	S3-368542224	East Real Systems Private Limited	ईस्ट रियल सिस्टम्स प्राइवेट लिमिटेड	C-34, Jagdamba Nagar, Heerapura, Ajmer Road, Jaipur, Rajasthan	C-34, Jagdamba Nagar, Heerapura, Ajmer Road, Jaipur, RJ
C2_C_Pref_Loc	S1-12470543	S2-51487258	Aron Tradexim Pvt. Ltd.	Dr Aron Tradmim Pvt. Ltd.	H.No 1-8-506/2/A Prakash Nagar, Begumpet, Hyderabad, Telangana	Telangana, #-8-506/2/A PRAKASH NAGAR, BEGUPET, HYDERABAD
C2_C_Pref_Loc	S1-10014495	S2-718409345	Pediatric Dental Care of Cross Plains	PEDIATRIC DENTAL CARE OF CROSS PLAINS	4716 Greer Lane, Cross Plains, TN	
C2_C_Pref_Loc	S1-129130406	S3-959271584	Unique Homes Private Limited	Private Unique Homes Ltd	C/O Sunita Sinha West Gate Of Jain College, Katira, Ara, Bhojpur, Bihar	C/o Sunita Sinha West Gate Of Jain College, Katira, Ara, BR
C2_C_Pref_Loc	S1-769477786	S3-964901409	Blackwell, Romain & Shea Cartesian	Fluxcalo DBA: Blackwell, Romain & Shea Cartesian	1900 Parker Road, Houston, TX	1900 Parker Road, Houston, TX
C2_C_Pref_Loc	S1-433327547	S3-896073866	Family Partners	Family Partners LLC	2162 19th Street, Owensboro, KY	Kentucky, 2162 19th Saint, Oewnsboro
C2_C_Pref_Loc	S1-405947121	S2-476209538	Green Finance Private Limited	గ్రీన్ ఫైనాన్స్ ప్రైవేట్ లిమిటెడ్	Pn9/2Gaiabuilding, Sector2, Hudatechnoenclavhiteccity, Shaikpet, Hyderabad, Telangana	PN9/2GAIABUILDING, SHAIKPET, HYDERABAD, Telangana
C2_C_Pref_Loc	S1-857319854	S2-320815153	Super Global Private Limited	சூப்பர் குளோபல் பிரைவேட் லிமிடெட்	East Garden, Thirumalaiyampalaiyam, Tamil Nadu, 15/2, Coimbatore, Coimbatore South	15/2, COIMBATORE, Tamil Nadu
C2_C_Pref_Loc	S1-621701755	S2-748746820	Ma Instruments Pvt Ltd	Ma Instruments Ltd Pvt	No.284, 3Rd Cross, Kirloskar L/O, Bangalore, Karnataka	
C2_C_Pref_Loc	S1-208922920	S2-386526648	Jain Surya Technologies Pvt Ltd	Pvt Jain Surya Technologies Ltd.	4-1-370, Kunda Estate, Abids, Hyd. Abids, Hyd., Abids, Hyd., Andhra Pradesh	B3/4-1-370, KUNDA ESTATE, ABIDS, HYD. ABIDS, HYD., MUMBAI, ABIDS, Andhra Pradesh
C2_C_Pref_Loc	S1-857306855	S3-800000600	Surya Power Private Limited	5urya  Power Private	Unit No.18, 2Nd Floor, Ujagar Industrial Estate W T Patil Marg, Deonar, Mumbai, Mumbai City, Maharashtra	Unit No.18/4, 2Nd Floor, Ujagar Industrial Estate W T Patil Marg, Deonar, Mumbai, Mumbai City, महाराष्ट्र
C2_C_Pref_Loc	S1-998381577	S3-642439992	Dynamic Developers Private Limited	DD	House No. 290, Shiroshi, Jawhar, Thane, Maharashtra	House No. 290, Shiroshi, Jawhar, Thane, Maharashtra
C2_C_Pref_Loc	S1-283654510	S2-145152263	High Healthcare Pvt Ltd	ಹೈ ಹೆಲ್ತ್‌ಕೇರ್ ಪ್ರೈವೇಟ್ ಲಿಮಿಟೆಡ್	Flat No. 705, S V Spring Woods, Kanakapura Main Road, Thalaghattapura, Bangalore South, Bangalore, Karnataka	FLAT NO. 705, BANGALORE, BANGALORE SOUTH, Karnataka
C2_C_Pref_Loc	S1-545437901	S3-789552183	Ulloa Family Practice	Ulloa Ulloa Family	6393 Stone Park Cove, Memphis, TN	
C2_C_Pref_Loc	S1-511462653	S3-465319742	Orthopedic Summit Specialists	SPECIALISTS SUMMIT ORTHOPEDIC	1725 Mesa Verde Drive, CA, San Bernardino	1725 Mesa Verde Drive, SAAN Bernardino, California
C2_C_Pref_Loc	S1-886693437	S3-366135233	Nampally Technologies Private Limited	Zetatavo F/K/A Nampally Technologies Private Limited	Telangana, Nampally, Tirumala Prestige Apt, Drno:6-3-563/K 6-3-584/31, Hyderabad	Drno:6-3-563/K 6-3-584/31, Tirumala Prestige Apt, Nampally, Hyderabad, Telangana
C2_C_Pref_Loc	S1-384547697	S3-242998565	PKI Nursing Private Limited	Tavodrex	Unit No. 611, Anand Nagar, Reliables Pride, Jogeshwari West, Jogeshwari West, Mumbai, Maharashtra	Unit No. 611, Anand Nagar, Reliables Pride, Jogeshwari West, Jogeshwari West, N/A, MH
C2_C_Pref_Loc	S1-81812107	S2-407444829	Dareon Inc.	Orbigild --	1329 Oakley Boulevard, Chicago, IL	1329 OAKLEY BLVD, CHICAGO, IL
C2_C_Pref_Loc	S1-908231011	S2-457532126	Karthikeya Tech Ltd	Karthikeya Ltd  Services	115 Jodhpur Park, Kolkata, Howrah, West Bengal	
C2_C_Pref_Loc	S1-965536095	S2-104705371	Apex Tech	Dr Apex Tech Co	305, Orinda Arcade, Bh Bhatap Petrol Pump, Opp. Ved Arcade, Sp Ring Road, Vastral, Daskroi, Ahmedabad, Gujarat	305, ORINDA ARCADE, BH BHATAP PETROL PUMP, OPP. VED ARCADE, SP RING ROAD, VASTRAL, DASKROI, Gujarat
C2_C_Pref_Loc	S1-437735058	S3-538412757	Fortune Services Private Limited	F0rtune Services-Private  Limited	H No 63, Srr Heights, Op Vnr College Lane, Rangareddy, K.V.Rangareddy, Telangana	No 63, Srr Heights, Op Vnr College Lane, Rangareddy, K.v.rangareddy, TG
C2_C_Pref_Loc	S1-2120931	S3-892250517	Sanket Trading Private Limited	Sri Sanket Trading Prthe Limited	12/264/K, Akm Building, Mavinchuvadu, Mukundapuram, Thrissur, Kerala	Kochi Region, KL, 12/264/K, Akm Building, Mavinchuvadu, Thrissur
C2_C_Pref_Loc	S1-707839887	S3-659649253	Anand International Private Limited	आनंद इंटरनेशनल प्राइवेट लिमिटेड	No. 301 3Rd Floor Giri Building, Opp. Prefect Driving School Near Kalyan Court Kalyan Murbad Road, Kalyan, Thane, Maharashtra	No. 301 3Rd Floor Giri Building, Pune, Thane, MH
C2_C_Pref_Loc	S1-612804179	S3-547322574	Bright Projects Private Limited	Bright Projects Private Enterprises	Killa No. 4223, Mu No. 47, Khatoni No. 529, 146, Karma Proseser, Faridabad, Haryana	
C2_C_Pref_Loc	S1-234118298	S2-346172808	Right Capital Private Limited	Private Right Capita1 Limited	Khashra No 2979, Piyala Ballabgarh Haryana, Ballabgarh, Faridabad, Haryana	Haryana, DIVREPORTINGCIRCLE, FARIDABAD, KHASHRA NO 2979
C2_D_Pref_Dig	S1-236233096	S2-594022887	Rodriguez Commodity P.C.	Rodriguez Commodity	20 Havemeyer Street, Brooklyn, NY	0020 HAVEMEYER ST, BROOKLYN, NY
C2_D_Pref_Dig	S1-808273352	S3-668262232	Innovative Products LLP	Innovative Products	Wework Seawoods Grand Central, Thane, 10Th Floor, Tower 1, Sector 40, Seawoods Railway Station, Nerul Node, Navi Mumbai, Maharashtra, Thane	Wework Seawoods Grand Central, Thane, Neral, MH
C2_D_Pref_Dig	S1-251090779	S3-799093359	Ez Tech Pvt Ltd	Mr Ez Tech Pvt	House No-74B/2, Kh No-34/12, Meera Kunj Nilothi Extn, Chander Vihar, New Delhi, New Delhi, Delhi	House No-74b/2, Kh No-34/12, Meera Kunj Nilothi Extn, Chander Vihar, New Delhi, New Delhi, DL
C2_D_Pref_Dig	S1-856572280	S2-269966367	Galaxy Hospitality Private Limited	Galaxy Hospitality Private  Ltd	3604, Tower 5, Crescent Bay, Jerbai Wadia Road, Parel-East, Mumbai, Mumbai City, Maharashtra	
C2_D_Pref_Dig	S1-500931751	S2-505660273	Sanchez Premier Schwab	Sanchez Schwab Premier	222 William Street, Waverly, NY	22 WILLIAM STREET, WAVERLY, NY
C2_D_Pref_Dig	S1-961404006	S3-648366211	Congregation Israel	congregationisrael.com	1540 Hanover Street, Baltimore, MD	Hanover St, Baltimore, Maryland
C2_D_Pref_Dig	S1-987893246	S3-726141109	Ramirez Defi	Onyxkorevo formerly known as Ramirez Defi	305 Lee Drive, Havelock, NC	305 Lee Drive, Havelock, NC
C2_D_Pref_Dig	S1-497491866	S3-439663930	Perfect Infotech Private Limited	ಪರ್ಫೆಕ್ಟ್ ಇನ್‌ಫೋಟೆಕ್ ಪ್ರೈವೇಟ್ ಲಿಮಿಟೆಡ್	#1685, 3Rd Main Road, Rammohanpuram, Rajajinagar, Srirampuram, Bangalore North, Bangalore, Karnataka	#1685., 3Rd Main Road, Rammohanpuram, Rajajinagar, Srirampuram, Bangalore North, Bangalore, ಕರ್ನಾಟಕ
C2_D_Pref_Dig	S1-186509450	S2-751404229	Digital Construction Private Limited	ഡിജിറ്റൽ കൺസ്ട്രക്ഷൻ പ്രൈവറ്റ് ലിമിറ്റഡ്	Kiliyileth Building, 2Nd Floor, Nh Road, Opposite Smart Bazar Pattom Kesavadasapuram, Thiruvananthapuram, Thiruvananthapuram, Tc 2/3592, Kerala, Trivandrum	TC 2/3592, KILIYILETH BUILDING, 2ND FLOOR, NH ROAD, OPPOSITE SMART BAZAR PATTOM KESAVADASAPURAM, THIRUVANANTHAPURAM, THIRUVANANTHAPURAM, TRIVANDRUM, Kerala
C2_D_Pref_Dig	S1-405926825	S2-62518002	Foot & Ankle Specialists LLC	... Foot & Ank1e Specialists LLC	250 Elizabeth Way, Unit 2076, Chandler, AZ	250 ELIZABETH WAY, CHANDLERCITY, AZ
C2_D_Pref_Dig	S1-493054559	S2-208446343	Mk Brothers Ltd	Smt Mk Bróthers Ltd	Bidyanandapur, Bardhaman, West Bengal, Vill- Karanjbera P. O. Bidyanandapur, H. No 10 N	পশ্চিমবঙ্গ, 10 N, VILL- KARANJBERA P. O. BIDYANANDAPUR, BIDYANANDAPUR
C2_D_Pref_Dig	S1-734981473	S3-424987523	Hynda Hahn Term LLC	Hynda Hahn LLC Partners	1657 Harvard Avenue, Unit B, Columbus, OH	
C2_D_Pref_Dig	S1-342508896	S3-949593035	Praniya Foundation Private Limited	Praniya Private Foundation Limited	U.Nob23 Phase2 Technocrat, Coperative Industrial Est, Rangareddy, Hyderabad, Telangana	Rangareddy, U.nob23 Phase2 Technocrat, Hyderabad, Andhra Pradesh
C2_D_Pref_Dig	S1-53898557	S3-970135965	Crestline	Crestline Associates	Highlands, NC, 135 Old Wagon Trail	
C2_D_Pref_Dig	S1-761690016	S3-184076691	Ace Foundation Private Limited	ஏஸ் ஃபவுண்டேஷன் பிரைவேட் லிமிடெட்	3B, Yeses Square. 84, Greenways Road R.A.Puram, Chennai, Tamil Nadu	3B, Yeses Square. 84, Greenways Road R.a.puram, Chennai, TN
C2_D_Pref_Dig	S1-914400209	S3-887945357	Flores's Painting LLC	Center Flores's LLC	579 Buck Island Road, Unit 148, Yarmouth, MA	579 Buck Island Road, Unit 148, Yarmouth, Massachusetts
C2_D_Pref_Dig	S1-526017514	S2-717060051	Shreehari Welfare Society	welfareshreeharisociety.com	A-410 Celebration City Centre, South Bopal, Daskroi, Ahmedabad, Gujarat	A-41 CELEBRATION CITY CENTRE, SOUTH BOPAL, AHMEDABAD, DASKROI, Gujarat
C2_D_Pref_Dig	S1-269624152	S3-658951175	Cornerstone Valley Defi, Inc	The Cornerstone Valley Defi, Ínc	160 Elk Meadow Drive, Nelson County, VA	160 Elk Meadow Drive, Affton, Virginia
C2_D_Pref_Dig	S1-201005864	S3-851598403	Raj Producer Private Limited	রাজ প্রডিউসার প্রাইভেট লিমিটেড	C/O Ambubachi India Pvt Ltd Sarkar Para Bankim Nagar, Po-Sevoke Road, Siliguri, Darjiling, Darjeeling, West Bengal	C/o Ambubachi India Pvt Ltd Sarkar Para Bankim Nagar, Po-sevoke Road, Siliguri, Darjiling, Darjeeling, পশ্চিমবঙ্গ
C2_D_Pref_Dig	S1-67182475	S3-397934067	Womens Health Medicine	Arcyuma formerly known as Womens Health Medicine	1554 Claudia Lane, Bldg 5330, Marysville, OH	1554 Claudia Lane, Bldg 5330, Marysville, OH
C2_D_Pref_Dig	S1-879591965	S3-104444364	Super 87 Grill	Super 87 87 Grill Corporation - 7503683875	705 2nd Avenue, Newton, IA	00705 2nd Avenue, PMB 6502, Newton, Iowa
C2_D_Pref_Dig	S1-217906743	S3-872857221	Diamond Certified Boral-Vidor	diamondcertifiedboralvidor.com	476 Bolivar Street, Vidor, TX	476B Bolivar St, Vidor, Texas
C2_D_Pref_Dig	S1-564382261	S3-702742162	Pramila Holdings	Sri Pramila Holdings (Services)	Faridabad, Haryana, 406 Sector-19, Faridabad	Faridabad, H.no 406 Sector-19, Faridabad, HR
C2_D_Pref_Dig	S1-737325393	S3-76158400	Orthopedic Prime Health Corp	Orthopedic Prime	6941 Greenbriar Drive, Owasso, OK	941 Greenbriar Dr, Owasso, Oklahoma
C2_D_Pref_Dig	S1-77874756	S3-567432375	Honey Brothers	Honey-Brothers	Bengaluru, Karnataka, D4 - Maple Block, Regency Pinnacle Heights Apt Rachenahalli, Bangalore	Dc-4 - Maple Block, Regency Pinnacle Heights Apt Rachenahalli, KA, Bengaluru, Bangalore
C2_D_Pref_Dig	S1-321429014	S3-884414654	Wallis Burtech-Lowell	Veosolonyx d/b/a Wallis Burtech-Lowell	309 Douglas Road, Lowell, MA	309 Douglas Road, Lowell, MA
C2_D_Pref_Dig	S1-668808000	S3-602748911	Real Products Private Limited	रियल प्रोडक्ट्स प्राइवेट लिमिटेड	Flat No. 804, 8Th Floor, Junior Mig, Vijay Stambh, Huzur, Bhopal, Madhya Pradesh	#8-04, 8Th Floor, Junior Mig, Vijay Stambh, Huzur, Bhopal, MP
C2_D_Pref_Dig	S1-311076532	S3-458055662	Dynamic Business	Dynamic  Bulsnses	Second Floor Behind Taxi Stand, Nagori G, Arden, Rajasthan, Bhilwara, Sarvoday Apna Bazar	Second Floor Behind Taxi Stand, Nagori G, Arden, Bhilwara, राजस्थान, Bhilwara, Sarvoday Apna Bazar
C2_D_Pref_Dig	S1-978860820	S2-727438188	Bombay Projects	बॉम्बे प्रोजेक्ट्स	A-370 Kalka Ji, New Delhi, South Delhi, Delhi	A-370 KALKA JI, NEW DELHI, SOUTH DELHI, Delhi
C2_D_Pref_Dig	S1-188798849	S3-184755441	Gold Investment LLP	கோல்டு இன்வெஸ்ட்மெண்ட் எல்எல்பி	No.54, Sivamurugan Nagar (Jayalakshmi Nagar) Nandivaram, Guduvanchery, Kancheepuram, Tamil Nadu	No.54, Sivamurugan Nagar (Jayalakshmi Nagar) Nandivaram, Kancheepuram, Guduvanchery, TN
C2_D_Pref_Dig	S1-100661811	S2-38026441	Total Yhn Inc	Tfoaal Yhn-Inc	11020 Greenhead View Road, Charlotte, NC	0011020 GREENHEAD VIEW RD, NC, CHARLOTTE
C2_D_Pref_Dig	S1-872713421	S2-857553054	Robin Ferrand Better Pharmaceutical LLC	Robin Ferrand 8etter Pharmaceutical	1749 Section Street, Sullivan, IN	1750 SECTION ST, SULLIVAN, IN
C2_D_Pref_Dig	S1-942753942	S2-15662059	West Clearthink	West Clearthink	3115 Cedarwood Drive, Durham, NC	311 CEDARWOOD DR, DURHAM, NC
C2_D_Pref_Dig	S1-735142385	S3-835557693	Madhav Sports Co	Madhav Sports Co	Kh No 229, Puniyo Ki Pyau, Jodhpur, Rajasthan	Kh No 729, Puniyo Ki Pyau, Jodhpur, Rajasthan, RJ
C2_D_Pref_Dig	S1-581901297	S3-372571974	Hetty Mcguire Meshflow Associates	Hetty Mcguire Méshflow Associates	7305 Eleanor Place, Darien, IL	Eleanor Place, Darien, Illinois
C2_D_Pref_Dig	S1-197015283	S2-402684882	Sk Services LLP	Shri SK SERVICES LLP	No.1/269, Main Road, Manakkal, Ayyampettai, Thiruvarur, Tamil Nadu	NO.001/269 , MAIN ROAD, MANAKKAL, AYYAMPETTAI, Tamil Nadu
C2_D_Pref_Dig	S1-114344031	S2-506419317	West Bhav	West Bhav	38 Birch Court, Southampton, NY	0038 BIRCH CT, SOUTHAMPTON, NY
C2_D_Pref_Dig	S1-219247185	S3-813142469	Grand Engineering Ventures Lily Inc	Grand Engineering  Ventures	KY, Lily, 29 Lily School Road	
C2_D_Pref_Dig	S1-459084536	S2-348489892	Haney Direct Park Inc.	DIRECTPARK.COM	20 Boulder Mountain Drive, Flat Rock, NC	BOULDER MOUNTAIN DR, FLAT ROCK, NC
C2_D_Pref_Dig	S1-309645983	S2-848995133	Rajas Biotech Limited	Smt RAJAS BIOTECH (LIMITED)	Off No. 537, Nirmal Galaxy Commn Bldg, Near Deep Mandir, Mumbai, Maharashtra	OFF NO. ##537, NIRMAL GALAXY COMMN BLDG, NEAR DEEP MANDIR, MUMBAI, Maharashtra
C2_D_Pref_Dig	S1-52726701	S3-368542224	East Real Systems Private Limited	ईस्ट रियल सिस्टम्स प्राइवेट लिमिटेड	C-34, Jagdamba Nagar, Heerapura, Ajmer Road, Jaipur, Rajasthan	C-34, Jagdamba Nagar, Heerapura, Ajmer Road, Jaipur, RJ
C2_D_Pref_Dig	S1-933165713	S3-772981895	Prevision Projects Limited	Prevision Projects	115Bashyasarlu Road West R S Puram, Coimbatore, Tamil Nadu	No 1-15Bashyasarlu Road West R S Puram, Coimbatore, TN
C2_D_Pref_Dig	S1-12470543	S2-51487258	Aron Tradexim Pvt. Ltd.	Dr Aron Tradmim Pvt. Ltd.	H.No 1-8-506/2/A Prakash Nagar, Begumpet, Hyderabad, Telangana	Telangana, #-8-506/2/A PRAKASH NAGAR, BEGUPET, HYDERABAD
C2_D_Pref_Dig	S1-282330093	S2-604028394	Highland Guild	HIGHLAND GUILD BÓARD	6341 Upper River Road, Somerville, AL	UPPER RIVER RD, SOMERVILLE, AL
C2_D_Pref_Dig	S1-10014495	S2-718409345	Pediatric Dental Care of Cross Plains	PEDIATRIC DENTAL CARE OF CROSS PLAINS	4716 Greer Lane, Cross Plains, TN	
C2_D_Pref_Dig	S1-129130406	S3-959271584	Unique Homes Private Limited	Private Unique Homes Ltd	C/O Sunita Sinha West Gate Of Jain College, Katira, Ara, Bhojpur, Bihar	C/o Sunita Sinha West Gate Of Jain College, Katira, Ara, BR
C2_D_Pref_Dig	S1-769477786	S3-964901409	Blackwell, Romain & Shea Cartesian	Fluxcalo DBA: Blackwell, Romain & Shea Cartesian	1900 Parker Road, Houston, TX	1900 Parker Road, Houston, TX
C2_D_Pref_Dig	S1-131915069	S2-108979443	Chikmagalur Sciences Pvt. Ltd.	Chikmagalur Sciences Pvt.	Basavanahally Main Road, Near Aruna Nursing, Chikmagalur, Chickmagalur, Karnataka	BASAVANAHALLY MAIN ROAD, NEAR ARUNA NURSING, CHIKMAGALUR, ಕರ್ನಾಟಕ
C2_D_Pref_Dig	S1-8782849	S3-993962171	Complete National LLC	Complete National - 2916657699	210 Cannon Street, IA, Paullina	208 Cannon St, Union Township, Iowa
C2_D_Pref_Dig	S1-920225616	S2-520374561	Budasoft Bright Inc	Budasoft Bright Inc	Quincy, 2001 Marina Drive, MA, Unit 413	QUINCY, MA, 002001 MARINA DR
C2_E_Dig_Loc	S1-236233096	S2-594022887	Rodriguez Commodity P.C.	Rodriguez Commodity	20 Havemeyer Street, Brooklyn, NY	0020 HAVEMEYER ST, BROOKLYN, NY
C2_E_Dig_Loc	S1-808273352	S3-668262232	Innovative Products LLP	Innovative Products	Wework Seawoods Grand Central, Thane, 10Th Floor, Tower 1, Sector 40, Seawoods Railway Station, Nerul Node, Navi Mumbai, Maharashtra, Thane	Wework Seawoods Grand Central, Thane, Neral, MH
C2_E_Dig_Loc	S1-856572280	S2-269966367	Galaxy Hospitality Private Limited	Galaxy Hospitality Private  Ltd	3604, Tower 5, Crescent Bay, Jerbai Wadia Road, Parel-East, Mumbai, Mumbai City, Maharashtra	
C2_E_Dig_Loc	S1-500931751	S2-505660273	Sanchez Premier Schwab	Sanchez Schwab Premier	222 William Street, Waverly, NY	22 WILLIAM STREET, WAVERLY, NY
C2_E_Dig_Loc	S1-961404006	S3-648366211	Congregation Israel	congregationisrael.com	1540 Hanover Street, Baltimore, MD	Hanover St, Baltimore, Maryland
C2_E_Dig_Loc	S1-734981473	S3-424987523	Hynda Hahn Term LLC	Hynda Hahn LLC Partners	1657 Harvard Avenue, Unit B, Columbus, OH	
C2_E_Dig_Loc	S1-342508896	S3-949593035	Praniya Foundation Private Limited	Praniya Private Foundation Limited	U.Nob23 Phase2 Technocrat, Coperative Industrial Est, Rangareddy, Hyderabad, Telangana	Rangareddy, U.nob23 Phase2 Technocrat, Hyderabad, Andhra Pradesh
C2_E_Dig_Loc	S1-53898557	S3-970135965	Crestline	Crestline Associates	Highlands, NC, 135 Old Wagon Trail	
C2_E_Dig_Loc	S1-526017514	S2-717060051	Shreehari Welfare Society	welfareshreeharisociety.com	A-410 Celebration City Centre, South Bopal, Daskroi, Ahmedabad, Gujarat	A-41 CELEBRATION CITY CENTRE, SOUTH BOPAL, AHMEDABAD, DASKROI, Gujarat
C2_E_Dig_Loc	S1-201005864	S3-851598403	Raj Producer Private Limited	রাজ প্রডিউসার প্রাইভেট লিমিটেড	C/O Ambubachi India Pvt Ltd Sarkar Para Bankim Nagar, Po-Sevoke Road, Siliguri, Darjiling, Darjeeling, West Bengal	C/o Ambubachi India Pvt Ltd Sarkar Para Bankim Nagar, Po-sevoke Road, Siliguri, Darjiling, Darjeeling, পশ্চিমবঙ্গ
C2_E_Dig_Loc	S1-12704643	S3-136528659	Dermatology Associates	dermatologyassoc.com	1816 37th Drive, Phoenix, AZ	1816 37th Drive, Pheonix, Arizona
C2_E_Dig_Loc	S1-879591965	S3-104444364	Super 87 Grill	Super 87 87 Grill Corporation - 7503683875	705 2nd Avenue, Newton, IA	00705 2nd Avenue, PMB 6502, Newton, Iowa
C2_E_Dig_Loc	S1-217906743	S3-872857221	Diamond Certified Boral-Vidor	diamondcertifiedboralvidor.com	476 Bolivar Street, Vidor, TX	476B Bolivar St, Vidor, Texas
C2_E_Dig_Loc	S1-737325393	S3-76158400	Orthopedic Prime Health Corp	Orthopedic Prime	6941 Greenbriar Drive, Owasso, OK	941 Greenbriar Dr, Owasso, Oklahoma
C2_E_Dig_Loc	S1-77874756	S3-567432375	Honey Brothers	Honey-Brothers	Bengaluru, Karnataka, D4 - Maple Block, Regency Pinnacle Heights Apt Rachenahalli, Bangalore	Dc-4 - Maple Block, Regency Pinnacle Heights Apt Rachenahalli, KA, Bengaluru, Bangalore
C2_E_Dig_Loc	S1-311076532	S3-458055662	Dynamic Business	Dynamic  Bulsnses	Second Floor Behind Taxi Stand, Nagori G, Arden, Rajasthan, Bhilwara, Sarvoday Apna Bazar	Second Floor Behind Taxi Stand, Nagori G, Arden, Bhilwara, राजस्थान, Bhilwara, Sarvoday Apna Bazar
C2_E_Dig_Loc	S1-668808000	S3-602748911	Real Products Private Limited	रियल प्रोडक्ट्स प्राइवेट लिमिटेड	Flat No. 804, 8Th Floor, Junior Mig, Vijay Stambh, Huzur, Bhopal, Madhya Pradesh	#8-04, 8Th Floor, Junior Mig, Vijay Stambh, Huzur, Bhopal, MP
C2_E_Dig_Loc	S1-100661811	S2-38026441	Total Yhn Inc	Tfoaal Yhn-Inc	11020 Greenhead View Road, Charlotte, NC	0011020 GREENHEAD VIEW RD, NC, CHARLOTTE
C2_E_Dig_Loc	S1-872713421	S2-857553054	Robin Ferrand Better Pharmaceutical LLC	Robin Ferrand 8etter Pharmaceutical	1749 Section Street, Sullivan, IN	1750 SECTION ST, SULLIVAN, IN
C2_E_Dig_Loc	S1-942753942	S2-15662059	West Clearthink	West Clearthink	3115 Cedarwood Drive, Durham, NC	311 CEDARWOOD DR, DURHAM, NC
C2_E_Dig_Loc	S1-735142385	S3-835557693	Madhav Sports Co	Madhav Sports Co	Kh No 229, Puniyo Ki Pyau, Jodhpur, Rajasthan	Kh No 729, Puniyo Ki Pyau, Jodhpur, Rajasthan, RJ
C2_E_Dig_Loc	S1-581901297	S3-372571974	Hetty Mcguire Meshflow Associates	Hetty Mcguire Méshflow Associates	7305 Eleanor Place, Darien, IL	Eleanor Place, Darien, Illinois
C2_E_Dig_Loc	S1-114344031	S2-506419317	West Bhav	West Bhav	38 Birch Court, Southampton, NY	0038 BIRCH CT, SOUTHAMPTON, NY
C2_E_Dig_Loc	S1-219247185	S3-813142469	Grand Engineering Ventures Lily Inc	Grand Engineering  Ventures	KY, Lily, 29 Lily School Road	
C2_E_Dig_Loc	S1-459084536	S2-348489892	Haney Direct Park Inc.	DIRECTPARK.COM	20 Boulder Mountain Drive, Flat Rock, NC	BOULDER MOUNTAIN DR, FLAT ROCK, NC
C2_E_Dig_Loc	S1-933165713	S3-772981895	Prevision Projects Limited	Prevision Projects	115Bashyasarlu Road West R S Puram, Coimbatore, Tamil Nadu	No 1-15Bashyasarlu Road West R S Puram, Coimbatore, TN
C2_E_Dig_Loc	S1-282330093	S2-604028394	Highland Guild	HIGHLAND GUILD BÓARD	6341 Upper River Road, Somerville, AL	UPPER RIVER RD, SOMERVILLE, AL
C2_E_Dig_Loc	S1-10014495	S2-718409345	Pediatric Dental Care of Cross Plains	PEDIATRIC DENTAL CARE OF CROSS PLAINS	4716 Greer Lane, Cross Plains, TN	
C2_E_Dig_Loc	S1-129130406	S3-959271584	Unique Homes Private Limited	Private Unique Homes Ltd	C/O Sunita Sinha West Gate Of Jain College, Katira, Ara, Bhojpur, Bihar	C/o Sunita Sinha West Gate Of Jain College, Katira, Ara, BR
C2_E_Dig_Loc	S1-433327547	S3-896073866	Family Partners	Family Partners LLC	2162 19th Street, Owensboro, KY	Kentucky, 2162 19th Saint, Oewnsboro
C2_E_Dig_Loc	S1-131915069	S2-108979443	Chikmagalur Sciences Pvt. Ltd.	Chikmagalur Sciences Pvt.	Basavanahally Main Road, Near Aruna Nursing, Chikmagalur, Chickmagalur, Karnataka	BASAVANAHALLY MAIN ROAD, NEAR ARUNA NURSING, CHIKMAGALUR, ಕರ್ನಾಟಕ
C2_E_Dig_Loc	S1-8782849	S3-993962171	Complete National LLC	Complete National - 2916657699	210 Cannon Street, IA, Paullina	208 Cannon St, Union Township, Iowa
C2_E_Dig_Loc	S1-920225616	S2-520374561	Budasoft Bright Inc	Budasoft Bright Inc	Quincy, 2001 Marina Drive, MA, Unit 413	QUINCY, MA, 002001 MARINA DR
C2_E_Dig_Loc	S1-405947121	S2-476209538	Green Finance Private Limited	గ్రీన్ ఫైనాన్స్ ప్రైవేట్ లిమిటెడ్	Pn9/2Gaiabuilding, Sector2, Hudatechnoenclavhiteccity, Shaikpet, Hyderabad, Telangana	PN9/2GAIABUILDING, SHAIKPET, HYDERABAD, Telangana
C2_E_Dig_Loc	S1-899968940	S2-720247742	Technologies Blue Forever Limited	Technologies Blue Forever Limited Limited	C/O City Trade Arcade, Near Sunshine Field (East) Cuttack, Cuttack, Orissa	H.NO 763 C/O CITY TRADE ARCADE, NEAR SUNSHINE FIELD (EAST) CUTTACK, CUTTACK, Orissa
C2_E_Dig_Loc	S1-169369103	S2-639921238	Golden Business Private Limited	ಗೋಲ್ಡನ್ ಬಿಸಿನೆಸ್ ಪ್ರೈವೇಟ್ ಲಿಮಿಟೆಡ್	Hubli, Dharwar, Karnataka, Bardansal	PLOT 200/3 BARDANSAL, HUBBALLI, HUBLI DHARWAD, Karnataka
C2_E_Dig_Loc	S1-621701755	S2-748746820	Ma Instruments Pvt Ltd	Ma Instruments Ltd Pvt	No.284, 3Rd Cross, Kirloskar L/O, Bangalore, Karnataka	
C2_E_Dig_Loc	S1-31577444	S2-290261950	Holy Zion Corp	Corp Holy Zorn	48 Richland Cove, Jackson, TN	RICHLAND CV, JACKSONC ITY, TN
C2_E_Dig_Loc	S1-903800568	S3-541382788	Arihant Software Private Limited	অরিহন্ত সফটওয়্যার প্রাইভেট লিমিটেড	Mohiniapartment, Flatno.A-9, 3Rdfloormohisgote, P.O.-Krishnapur, Kolkata, Kolkata, Howrah, West Bengal	Mohiniapartment, Kolkata, Howrah, WB
C2_E_Dig_Loc	S1-406313873	S2-854680932	Choice Wealth Products LLC	Choice Wealth Products Llc	3973 Cravens Run Road, Elkins, WV	2973 CRAVENS RUN RD, ELKINS, WV
C2_E_Dig_Loc	S1-545437901	S3-789552183	Ulloa Family Practice	Ulloa Ulloa Family	6393 Stone Park Cove, Memphis, TN	
C2_E_Dig_Loc	S1-704698894	S2-396782332	Cohen, Graf & Felix Affiliated Inc	Cohen, Geaf & Felix Affiliated Inc	OH, 46375 Buckio Road, Woodsfield	0046375 BUCKIO ROAD, CENTER TWP, OH
C2_E_Dig_Loc	S1-908231011	S2-457532126	Karthikeya Tech Ltd	Karthikeya Ltd  Services	115 Jodhpur Park, Kolkata, Howrah, West Bengal	
C2_E_Dig_Loc	S1-191724541	S2-535833713	Services Parekh Systems Private Limited	Services Systems Parekh Private Limited	A/2 Tulsi Apartments, Navghar Road, Bhayandar (East), Thane, Maharashtra	A/02 TULSI APARTMENTS, NAVGHAR ROAD, BHAYANDAR (EAST), THANE, Maharashtra
C2_E_Dig_Loc	S1-105541745	S2-113007037	Judd Tankers Inc	JUDD TANKERS INCORPORATED	4423 Robinson Street, Duluth, MN	4423A ROBINSON STREET, DULUTH, MN
C2_E_Dig_Loc	S1-765743973	S2-576778101	Unified Metropolitan Indonesia LLC	Unified Metropolitan LLC Indonesia	129 Crestline Street, Spokane, WA	CRESTLINE STREET, SPOKANE, WA
C2_E_Dig_Loc	S1-384921321	S3-29885368	Liberty Network Corp	Liberty  Network	Hutchinson, MN, 800 Texas Avenue	80 Texas Avenue, Hutchinson, Minnesota
C2_E_Dig_Loc	S1-612804179	S3-547322574	Bright Projects Private Limited	Bright Projects Private Enterprises	Killa No. 4223, Mu No. 47, Khatoni No. 529, 146, Karma Proseser, Faridabad, Haryana	
C2_E_Dig_Loc	S1-226489149	S2-467255804	Rashidhan India Private Limited	RASHIDHAN  INDIA PRIVATE LIMITED	Chelakkavil, Rockwell Rd, Pallilamkara, Kalamassery, Kanayannur, Ernakulam, Kerala	CHELAKKAVIL, ROCKWELL RD, PALLILAMKARA, KALAMASSERY, KANAYANNUR, Kerala
C2_E_Dig_Loc	S1-585948100	S2-347258144	Toinette Hopper Bakery	toinette hopper bakery	11960 Spire Terrace Drive, City Of El Paso, TX	SPIRE TERRACE DR, EL PASO, TX
C2_Union_Name_Address_Composites	S1-994422780	S2-216011301	TQ India Private Limited	tqindia.com	Plot No-60, Pole No-0447, Deepak Vihar Najafgarh, New Delhi, South West Delhi, Delhi	POT NO-60, POLE NO-0447, DEEPAK VIHAR NAJAFGARH, NEW DELHI, SOUTH WEST DELHI, दिल्ली
C2_Union_Name_Address_Composites	S1-458172653	S3-835154015	Straight Edge Hair Studio	sehair.com	5446 Mild Drive, Fl 0, Saint Louis, MO	5446 Mild Drive, PO Box 9678, Oakville, Missouri
C2_Union_Name_Address_Composites	S1-284751271	S2-720297282	Tucson Economic Development Trust	tucsondevelopmenteconomic.com	1410 Santa Cruz Lane, Tucson, AZ	AZ, SANTA CRUZ LN, TUCSON
C2_Union_Name_Address_Composites	S1-984253306	S3-459870706	Optimal Apex Made Inc	Viodrexcalo	7 Old Lexington Road, Lincoln, MA	7 Old Lexington Rd, Lincoln, Massachusetts
C2_Union_Name_Address_Composites	S1-377666711	S2-757276356	Shree Impex Pvt Ltd	শ্রী ইম্পেক্স প্রাইভেট লিমিটেড	Alankar Apartment 58A, Pudoopukur Road, Kolkata, Howrah, West Bengal	ALANNAR APARTMENT 58A, PUDOOPUKUR ROAD, KOLKATA, West Bengal
C2_Union_Name_Address_Composites	S1-325037135	S3-54035906	First Tech Private Limited	फर्स्ट टेक प्राइवेट लिमिटेड	Level-Ii Elegance, Mathura Road Jasola, New Delhi, Delhi	Level-ii Elegance, Mathura Road Jasola, New Delhi, DL
C2_Union_Name_Address_Composites	S1-548125555	S2-278811760	Vijay Engineering Private Limited	विजय इंजीनियरिंग प्राइवेट लिमिटेड	Lg 4, 5, 6, 7, Somdutt Chamber Ii, 9 Bhikaji Cama Place, New Delhi, North West, Delhi	LG 4, 5, 6, 7, SOMDUTT CHAMBER II, 9 BHIKAJI CAMA PLACE, NEW DELHI, NORTH WEST, Delhi
C2_Union_Name_Address_Composites	S1-961404006	S3-648366211	Congregation Israel	congregationisrael.com	1540 Hanover Street, Baltimore, MD	Hanover St, Baltimore, Maryland
C2_Union_Name_Address_Composites	S1-485823484	S3-143597819	Rocky Mountain Xcel Inc	Rockymountainxcel.Com	2775 Bradbury Road, Attica, IN	775 Bradbury Rd, Attica, Indiana
C2_Union_Name_Address_Composites	S1-497491866	S3-439663930	Perfect Infotech Private Limited	ಪರ್ಫೆಕ್ಟ್ ಇನ್‌ಫೋಟೆಕ್ ಪ್ರೈವೇಟ್ ಲಿಮಿಟೆಡ್	#1685, 3Rd Main Road, Rammohanpuram, Rajajinagar, Srirampuram, Bangalore North, Bangalore, Karnataka	#1685., 3Rd Main Road, Rammohanpuram, Rajajinagar, Srirampuram, Bangalore North, Bangalore, ಕರ್ನಾಟಕ
C2_Union_Name_Address_Composites	S1-471438897	S2-222299906	Quality Lane, LLC	BRIXLYRAARC	85 Hays Lane, London, AR	LONDON, 86 HAYS LN, AR
C2_Union_Name_Address_Composites	S1-186509450	S2-751404229	Digital Construction Private Limited	ഡിജിറ്റൽ കൺസ്ട്രക്ഷൻ പ്രൈവറ്റ് ലിമിറ്റഡ്	Kiliyileth Building, 2Nd Floor, Nh Road, Opposite Smart Bazar Pattom Kesavadasapuram, Thiruvananthapuram, Thiruvananthapuram, Tc 2/3592, Kerala, Trivandrum	TC 2/3592, KILIYILETH BUILDING, 2ND FLOOR, NH ROAD, OPPOSITE SMART BAZAR PATTOM KESAVADASAPURAM, THIRUVANANTHAPURAM, THIRUVANANTHAPURAM, TRIVANDRUM, Kerala
C2_Union_Name_Address_Composites	S1-832544932	S2-675568411	Gautam Buddha Nagar Gems LLP	Miragild - 3844817074	Gaur City Mall Office, Space C 01 Bgh 01 Sec 4, Gautam Buddha Nagar, Uttar Pradesh	HN 928 GAUR CITY MALL OFFICE, GAUTAM BUDDHA NAGAR, Uttar Pradesh
C2_Union_Name_Address_Composites	S1-950359402	S2-121821090	Jacquelyn Petit Clear Ampercap	jpclear.com	Mobile, 12110 Yancey Glen Drive, AL	12110 YANCEY GLEN DR, MOBILE, AL
C2_Union_Name_Address_Composites	S1-350663050	S3-878082176	Sky Ventures Private Limited	स्काई वेंचर्स प्राइवेट लिमिटेड	A-9613 Saket, New Delhi, South Delhi, Delhi	Plot 270 A-9613 Saket, New Delhi, South Delhi, दिल्ली
C2_Union_Name_Address_Composites	S1-478517253	S3-31832937	Lotus Constructions Private Limited	@Lotusconstructions	House No 675, At Post Mohadi, Taluka Dindori, Nashik, Maharashtra	House No 675, At Post Mohadi, Taluka Dindori, Nashik, MH
C2_Union_Name_Address_Composites	S1-625409722	S3-492722520	Indian Enterprises Limited	ഇന്ത്യൻ Enterprises ലിമിറ്റഡ്	41/4108 F 3 4 Th Floorkurian Towers Banarjee Road Cochin, Ernakulam, Kerala	41/4108 F 3 4 Th Floorkurian Towers Banarjee Road Cochin, Ernakulam, Ayyappankavu, KL
C2_Union_Name_Address_Composites	S1-757146694	S3-417231857	Tomas & Burnett Pineapple Inc	Dovaarc	761 Lafayette Avenue, Buffalo, NY	761 Lafayette Ave, Buffalo, New York
C2_Union_Name_Address_Composites	S1-734981473	S3-424987523	Hynda Hahn Term LLC	Hynda Hahn LLC Partners	1657 Harvard Avenue, Unit B, Columbus, OH	
C2_Union_Name_Address_Composites	S1-660217374	S2-852656998	KC Telecommunication	kctelecommunication.com	713 Second Street, Uniontown, KY	713-715 SECOND STREET, UNIONTOWN, KY
C2_Union_Name_Address_Composites	S1-53898557	S3-970135965	Crestline	Crestline Associates	Highlands, NC, 135 Old Wagon Trail	
C2_Union_Name_Address_Composites	S1-870796649	S3-845245161	Edwards Holdings Group Inc	Erdas  Holdings Group Inc	5900 The Knolls, Lincoln, NE	5515 The Knolls, Lincoln, Nebraska
C2_Union_Name_Address_Composites	S1-165303814	S2-575658972	Le Best Nano	LEBESTNANO.COM	155 Tamarack Street, Sisters, OR	155 TAMARACK ST, SISTERS, OR
C2_Union_Name_Address_Composites	S1-761690016	S3-184076691	Ace Foundation Private Limited	ஏஸ் ஃபவுண்டேஷன் பிரைவேட் லிமிடெட்	3B, Yeses Square. 84, Greenways Road R.A.Puram, Chennai, Tamil Nadu	3B, Yeses Square. 84, Greenways Road R.a.puram, Chennai, TN
C2_Union_Name_Address_Composites	S1-526017514	S2-717060051	Shreehari Welfare Society	welfareshreeharisociety.com	A-410 Celebration City Centre, South Bopal, Daskroi, Ahmedabad, Gujarat	A-41 CELEBRATION CITY CENTRE, SOUTH BOPAL, AHMEDABAD, DASKROI, Gujarat
C2_Union_Name_Address_Composites	S1-28452587	S2-889897568	Jay Power Private Limited	जय पावर प्राइवेट लिमिटेड	Ground Floor, Dream Mansion Apartment B-10 Vijay Nagar, Rukunpura, Patna, Bihar	GROUND FLOOR, PATNA, RUKUNPURA, बिहार
C2_Union_Name_Address_Composites	S1-602021544	S3-450032550	Clarion & Co	Umbraavi	East Patel Nagar Ground Floor, East Patel Nagar, 26/1, Delhi, South West Delhi	26/1, East Patel Nagar Ground Floor, East Patel Nagar, Delhi, South West Delhi, DL
C2_Union_Name_Address_Composites	S1-620369843	S2-161504551	Scott & Westfall Inc	SCOTTWESTFALL.COM	KY, Lawrenceburg, 503 Pawnee Drive	0503 PAWNEE DRIVE, LAWRENCEBURG, KY
C2_Union_Name_Address_Composites	S1-252105165	S3-879457436	Bombay Infrastructure Private Limited	बॉम्बे इंफ्रास्ट्रक्चर प्राइवेट लिमिटेड	A-15, Ashok Vihar, Phase - 1, Delhi, New Delhi, Delhi	A-15, Ashok Vihar, Phase - 1, Delhi, North West Delhi, दिल्ली
C2_Union_Name_Address_Composites	S1-98818742	S3-515381741	Mitchell Therapy Inc	Ciraorbi	34 Harrison Avenue, Islip, NY	34. Harrison Ave, Islip, New York
C2_Union_Name_Address_Composites	S1-711617350	S2-944728015	Green Services Pvt Ltd	ഗ്രീൻ സർവീസസ് പ്രൈവറ്റ് ലിമിറ്റഡ്	Kerala, Room No.D2 Arks Mansion, Kozhikode, Kottooli Po	ROOM NO.D#2 ARKS MANSION, KOTTOOLI PO, KOZHIKODE, CALICUT, Kerala
C2_Union_Name_Address_Composites	S1-782250936	S3-272005772	Delgado Pan	DP	1140 Eureka Drive, Kettering, OH	1140 Eureka Drive, Kettering, OH
C2_Union_Name_Address_Composites	S1-90412176	S3-240548072	Vijay International Hospitality Private Limited	विजय इंटरनेशनल हॉस्पिटैलिटी प्राइवेट लिमिटेड	Kh No-16/1, Vill-Mandoli, North East Delhi, Delhi	H.no 806 Kh No-16/1, Divreportingcircle, North East Delhi, DL
C2_Union_Name_Address_Composites	S1-651252701	S2-374521882	Martin Pacific Williams	Martin Pacific Wielleciams	341828 920 Road, Chandler, OK	
C2_Union_Name_Address_Composites	S1-499631520	S2-243089920	My Energy Private Limited	माय एनर्जी प्राइवेट लिमिटेड	C/O, Mr. Ram Dhan, 304, Karamchari Nagar, Gali No. 6, Bareilly, Izzat Nagar, Bareilly, Uttar Pradesh	C/O, BAREILLY, Uttar Pradesh
C2_Union_Name_Address_Composites	S1-488180981	S2-423543140	North Impex Private Limited	नॉर्थ इम्पेक्स प्राइवेट लिमिटेड	Building No .1430, 1432, First Floor Gali Arya Samaj, Sita Ram Bazar, Delhi	BUILDING NO .1430, SITA RAM BAZAR, DELHI, दिल्ली
C2_Union_Name_Address_Composites	S1-217906743	S3-872857221	Diamond Certified Boral-Vidor	diamondcertifiedboralvidor.com	476 Bolivar Street, Vidor, TX	476B Bolivar St, Vidor, Texas
C2_Union_Name_Address_Composites	S1-771350895	S2-991542472	Eastern Projects Limited	ஈஸ்டர்ன் புராஜெக்ட்ஸ் லிமிடெட்	S-2, Kurinchi 66 New Avadi Road, Chennai, Tamil Nadu	S-02, KURINCHI 66 NEW AVADI ROAD, CHENNAI, Tamil Nadu
C2_Union_Name_Address_Composites	S1-260636792	S2-692192970	Shivam Food Pvt Ltd	ଶିବମ୍ ଫୁଡ୍ ପ୍ରାଇଭେଟ୍ ଲିମିଟେଡ୍	Plot No. 2077/6449, Khata No. 994/551 Malikesawar Colony, Malkangiri, Orissa	PLOT NO. 2077/6449, MALKANGIRI, ଓଡ଼ିଶା
C2_Union_Name_Address_Composites	S1-39548589	S2-113639423	Shubha Constructions Pvt Ltd	SCONSTRUCTIONS.COM	Govind Sharan Agrawal Main Market, Farah, Mathura, Uttar Pradesh	GOVIND SHARAN AGRAWAL MAIN MARKET, FARAH, MATHURA, उत्तर प्रदेश
C2_Union_Name_Address_Composites	S1-668808000	S3-602748911	Real Products Private Limited	रियल प्रोडक्ट्स प्राइवेट लिमिटेड	Flat No. 804, 8Th Floor, Junior Mig, Vijay Stambh, Huzur, Bhopal, Madhya Pradesh	#8-04, 8Th Floor, Junior Mig, Vijay Stambh, Huzur, Bhopal, MP
C2_Union_Name_Address_Composites	S1-978860820	S2-727438188	Bombay Projects	बॉम्बे प्रोजेक्ट्स	A-370 Kalka Ji, New Delhi, South Delhi, Delhi	A-370 KALKA JI, NEW DELHI, SOUTH DELHI, Delhi
C2_Union_Name_Address_Composites	S1-357032828	S3-21429627	Jd Services Pvt Ltd	Sri Jd Sevices Pvt Ltd	Madhya Pradesh, Gopadvanas, Prem Nagar, C/O Bansh Bahadur Singh, Sidhi	C/o Bansh Bahadur Singh, Sidhi, MP
C2_Union_Name_Address_Composites	S1-188798849	S3-184755441	Gold Investment LLP	கோல்டு இன்வெஸ்ட்மெண்ட் எல்எல்பி	No.54, Sivamurugan Nagar (Jayalakshmi Nagar) Nandivaram, Guduvanchery, Kancheepuram, Tamil Nadu	No.54, Sivamurugan Nagar (Jayalakshmi Nagar) Nandivaram, Kancheepuram, Guduvanchery, TN
C2_Union_Name_Address_Composites	S1-364941877	S2-32946197	Dream Infotech Private Limited	ड्रीम इंफोटेक प्राइवेट लिमिटेड	B-141, Ground Floor, Phase-I Mayapuri Industrial Area, New Delhi, Delhi	B-141, GROUND FLOOR, PHASE-I MAYAPURI INDUSTRIAL AREA, Delhi
C2_Union_Name_Address_Composites	S1-144151338	S2-964053924	All Investment Limited	ஆல் இன்வெஸ்ட்மெண்ட் லிமிடெட்	Plot 11, Daffodils Flats, 2Nd Floor Earikkarai Strt, Tambaram, Kanchipuram, Tamil Nadu	PLOT 11, KANCHIPURAM, தமிழ்நாடு
C2_Union_Name_Address_Composites	S1-414692978	S3-852474912	One Jay Builders Private Limited	वन जय बिल्डर्स प्राइवेट लिमिटेड	Plot No. 128, 9-10, Dividing Road, Sector-10, Faridabad, Haryana	No 12, Faridabad, HR
C2_Union_Name_Address_Composites	S1-498220515	S3-650258101	Indian Infra Private Limited	ഇന്ത്യൻ ഇൻഫ്ര പ്രൈവറ്റ് ലിമിറ്റഡ്	Mm 20/1162 Z3, Opp:Girls Higher Secondary School Kacherippadi, Manjeri, Malappuram, Malappuram, Malapuram, Kerala	Mm 20/1162 Z3, Opp:girls Higher Secondary School Kacherippadi, Manjeri, Malappuram, Malappuram, Malapuram, കേരളം
C2_Union_Name_Address_Composites	S1-308577226	S2-881237438	Nalinia Capital Partners	Nalinia Capital	2039 Fremont Street, Klamath Falls, OR	
C2_Union_Name_Address_Composites	S1-413639640	S2-876982777	Jackson Online Inc	JACKSON ONLINE-INC.	4900 Pine Ridge Road, Atkins, AR	
C2_Union_All_Composites	S1-377666711	S2-757276356	Shree Impex Pvt Ltd	শ্রী ইম্পেক্স প্রাইভেট লিমিটেড	Alankar Apartment 58A, Pudoopukur Road, Kolkata, Howrah, West Bengal	ALANNAR APARTMENT 58A, PUDOOPUKUR ROAD, KOLKATA, West Bengal
C2_Union_All_Composites	S1-325037135	S3-54035906	First Tech Private Limited	फर्स्ट टेक प्राइवेट लिमिटेड	Level-Ii Elegance, Mathura Road Jasola, New Delhi, Delhi	Level-ii Elegance, Mathura Road Jasola, New Delhi, DL
C2_Union_All_Composites	S1-782774912	S2-114336055	Apex Lakshmi Technologies Private Limited	അപെക്സ് ലക്ഷ്മി ടെക്നോളജീസ് പ്രൈവറ്റ് ലിമിറ്റഡ്	Vyapara Bhavanmarket Road Changanacherry, Kottayam, Kerala	VYAPARA BHAVANMARKET ROAD CHANGANACHERRY, KOTTAYAM, Kerala
C2_Union_All_Composites	S1-471438897	S2-222299906	Quality Lane, LLC	BRIXLYRAARC	85 Hays Lane, London, AR	LONDON, 86 HAYS LN, AR
C2_Union_All_Composites	S1-832544932	S2-675568411	Gautam Buddha Nagar Gems LLP	Miragild - 3844817074	Gaur City Mall Office, Space C 01 Bgh 01 Sec 4, Gautam Buddha Nagar, Uttar Pradesh	HN 928 GAUR CITY MALL OFFICE, GAUTAM BUDDHA NAGAR, Uttar Pradesh
C2_Union_All_Composites	S1-734981473	S3-424987523	Hynda Hahn Term LLC	Hynda Hahn LLC Partners	1657 Harvard Avenue, Unit B, Columbus, OH	
C2_Union_All_Composites	S1-53898557	S3-970135965	Crestline	Crestline Associates	Highlands, NC, 135 Old Wagon Trail	
C2_Union_All_Composites	S1-870796649	S3-845245161	Edwards Holdings Group Inc	Erdas  Holdings Group Inc	5900 The Knolls, Lincoln, NE	5515 The Knolls, Lincoln, Nebraska
C2_Union_All_Composites	S1-526017514	S2-717060051	Shreehari Welfare Society	welfareshreeharisociety.com	A-410 Celebration City Centre, South Bopal, Daskroi, Ahmedabad, Gujarat	A-41 CELEBRATION CITY CENTRE, SOUTH BOPAL, AHMEDABAD, DASKROI, Gujarat
C2_Union_All_Composites	S1-28452587	S2-889897568	Jay Power Private Limited	जय पावर प्राइवेट लिमिटेड	Ground Floor, Dream Mansion Apartment B-10 Vijay Nagar, Rukunpura, Patna, Bihar	GROUND FLOOR, PATNA, RUKUNPURA, बिहार
C2_Union_All_Composites	S1-711617350	S2-944728015	Green Services Pvt Ltd	ഗ്രീൻ സർവീസസ് പ്രൈവറ്റ് ലിമിറ്റഡ്	Kerala, Room No.D2 Arks Mansion, Kozhikode, Kottooli Po	ROOM NO.D#2 ARKS MANSION, KOTTOOLI PO, KOZHIKODE, CALICUT, Kerala
C2_Union_All_Composites	S1-651252701	S2-374521882	Martin Pacific Williams	Martin Pacific Wielleciams	341828 920 Road, Chandler, OK	
C2_Union_All_Composites	S1-499631520	S2-243089920	My Energy Private Limited	माय एनर्जी प्राइवेट लिमिटेड	C/O, Mr. Ram Dhan, 304, Karamchari Nagar, Gali No. 6, Bareilly, Izzat Nagar, Bareilly, Uttar Pradesh	C/O, BAREILLY, Uttar Pradesh
C2_Union_All_Composites	S1-39548589	S2-113639423	Shubha Constructions Pvt Ltd	SCONSTRUCTIONS.COM	Govind Sharan Agrawal Main Market, Farah, Mathura, Uttar Pradesh	GOVIND SHARAN AGRAWAL MAIN MARKET, FARAH, MATHURA, उत्तर प्रदेश
C2_Union_All_Composites	S1-668808000	S3-602748911	Real Products Private Limited	रियल प्रोडक्ट्स प्राइवेट लिमिटेड	Flat No. 804, 8Th Floor, Junior Mig, Vijay Stambh, Huzur, Bhopal, Madhya Pradesh	#8-04, 8Th Floor, Junior Mig, Vijay Stambh, Huzur, Bhopal, MP
C2_Union_All_Composites	S1-357032828	S3-21429627	Jd Services Pvt Ltd	Sri Jd Sevices Pvt Ltd	Madhya Pradesh, Gopadvanas, Prem Nagar, C/O Bansh Bahadur Singh, Sidhi	C/o Bansh Bahadur Singh, Sidhi, MP
C2_Union_All_Composites	S1-414692978	S3-852474912	One Jay Builders Private Limited	वन जय बिल्डर्स प्राइवेट लिमिटेड	Plot No. 128, 9-10, Dividing Road, Sector-10, Faridabad, Haryana	No 12, Faridabad, HR
C2_Union_All_Composites	S1-308577226	S2-881237438	Nalinia Capital Partners	Nalinia Capital	2039 Fremont Street, Klamath Falls, OR	
C2_Union_All_Composites	S1-413639640	S2-876982777	Jackson Online Inc	JACKSON ONLINE-INC.	4900 Pine Ridge Road, Atkins, AR	
C2_Union_All_Composites	S1-842161768	S2-782330961	Marielle Abeita Treasury	Marielle Abeita	2700 Ione Court, Columbus, OH	
C2_Union_All_Composites	S1-219247185	S3-813142469	Grand Engineering Ventures Lily Inc	Grand Engineering  Ventures	KY, Lily, 29 Lily School Road	
C2_Union_All_Composites	S1-459084536	S2-348489892	Haney Direct Park Inc.	DIRECTPARK.COM	20 Boulder Mountain Drive, Flat Rock, NC	BOULDER MOUNTAIN DR, FLAT ROCK, NC
C2_Union_All_Composites	S1-404134398	S2-713736318	Sky Properties Private Limited	ಸ್ಕೈ ಪ್ರಾಪರ್ಟೀಸ್ ಪ್ರೈವೇಟ್ ಲಿಮಿಟೆಡ್	Raja Farm 12Th Km, Kanakapura Road, J P Nagar 9Th Phase, Doddakalsandra, Bangalore, Karnataka	RAJA FARM 12TH KM, BANGALORE, Karnataka
C2_Union_All_Composites	S1-750768945	S3-285812831	National Pioneer Highview LLC	Nationa1 Pioneer  Highview LLC	Industry, TX, 1406 Main Street	
C2_Union_All_Composites	S1-405947121	S2-476209538	Green Finance Private Limited	గ్రీన్ ఫైనాన్స్ ప్రైవేట్ లిమిటెడ్	Pn9/2Gaiabuilding, Sector2, Hudatechnoenclavhiteccity, Shaikpet, Hyderabad, Telangana	PN9/2GAIABUILDING, SHAIKPET, HYDERABAD, Telangana
C2_Union_All_Composites	S1-647595459	S3-925287259	Silver Tavern	Tavernsilver.Com	255 Justice Way, Elkton, MD	Justice Way, Elkton, Maryland
C2_Union_All_Composites	S1-621701755	S2-748746820	Ma Instruments Pvt Ltd	Ma Instruments Ltd Pvt	No.284, 3Rd Cross, Kirloskar L/O, Bangalore, Karnataka	
C2_Union_All_Composites	S1-667858920	S2-602050597	Eastern Finance Pvt Ltd	ইস্টার্ন ফাইন্যান্স প্রাইভেট লিমিটেড	20A Sarat Bose Road, Kolkata, Howrah, West Bengal	20A SARAT BOSE ROAD, KOLKATA, BHAVANIPUR, West Bengal
C2_Union_All_Composites	S1-393629323	S3-924234514	Uptown Coffee	Uptown Coffsea	220 Cedar Street, Clayton, NM	
C2_Union_All_Composites	S1-86954835	S2-734694598	Bangalore & Sons Corp	Smt Bangalore & Sons Corporation	1826 Amar Nath Buildingbhagirath Palace Chandani Chowk, Delhi, Central Delhi, Delhi	
C2_Union_All_Composites	S1-197764114	S2-848437857	Atlantic Veterinary Clinic	Atlantic-Veterinary	Princeton, WV, 131 Old Logan Road	
C2_Union_All_Composites	S1-545437901	S3-789552183	Ulloa Family Practice	Ulloa Ulloa Family	6393 Stone Park Cove, Memphis, TN	
C2_Union_All_Composites	S1-972217175	S3-239280389	Jenkins, Haslam & Wilson Specialty PC	Jenkins, Haslam Specialty Wilson & PC	233 Breeden Road, De Soto, IL	
C2_Union_All_Composites	S1-969013729	S2-891100344	Movers Batteries Private Limited	Movers 8atteries Private Limited	House No. 764, Urban Estate Sector- 5, Pipli, Kurukshetra, Haryana	
C2_Union_All_Composites	S1-908231011	S2-457532126	Karthikeya Tech Ltd	Karthikeya Ltd  Services	115 Jodhpur Park, Kolkata, Howrah, West Bengal	
C2_Union_All_Composites	S1-697559337	S2-304462154	Real Developers Private Limited	ரியல் டெவலப்பர்ஸ் பிரைவேட் லிமிடெட்	24A/68A, Ground Floor, Vembuli Amman Koil Street, Saidapet, Kanchipuram, Tamil Nadu	SAIDAPET, KANCHIPURAM, தமிழ்நாடு, GROUND FLOOR, VEMBULI AMMAN KOIL STREET, BLOBK C-254 24A/68A
C2_Union_All_Composites	S1-612804179	S3-547322574	Bright Projects Private Limited	Bright Projects Private Enterprises	Killa No. 4223, Mu No. 47, Khatoni No. 529, 146, Karma Proseser, Faridabad, Haryana	
C2_Union_All_Composites	S1-103266270	S2-300268260	My Consultancy Private Limited	ಮೈ ಕನ್ಸಲ್ಟೆನ್ಸಿ ಪ್ರೈವೇಟ್ ಲಿಮಿಟೆಡ್	No.3A, 3B, Elvs Road, Hanumanth Nagar, Puruvankara Main Road, Bilishivalle Village, Bangalore North, Bangalore, Karnataka	NO.3A, 3B, ELVS ROAD, HANUMANTH NAGAR, PURUVANKARA MAIN ROAD, BILISHIVALLE VILLAGE, BANGALORE, BANGALORE NORTH, Karnataka
C2_Union_All_Composites	S1-161428345	S3-561756807	Dois Trust Inc	Vantageectovera	Manhattan, KS, 6024 Patterson Drive	Manhattan, Kansas, 005948 Patterson Dr
C2_Union_All_Composites	S1-39152269	S2-119759834	New Exports Pvt Ltd	নিউ এক্সপোর্টস প্রাইভেট লিমিটেড	Yamuna Bhawan, Basement 55, Ezra Street, Kolkata, Kolkata, Howrah, West Bengal	KOLKATA, YAMUNA BHAWAN, HOWRAH, পশ্চিমবঙ্গ
C2_Union_All_Composites	S1-514415209	S3-421813878	Southern Tech Pvt Ltd	सदर्न टेक प्रा. लि.	Near Main Bus Stand, N.H. 8 Paota, Thesil - Kotputli, Jaipur, Rajasthan	Block F-338 Near Main Bus Stand, Jaipur, RJ
C2_Union_All_Composites	S1-836805173	S2-865423602	Gujarat Marketing Limited	GUJARAT MARKETIG LIMITED	A-601, Bhairav Off Veera Desai Road, Andheri (W), Mumbai, Mumbai City, Maharashtra	
C2_Union_All_Composites	S1-366520393	S2-349176329	Castillo Empire Bny	Castillo-Empire	1711 37th Avenue, Columbia Heights, MN	
C2_Union_All_Composites	S1-102782878	S3-144169553	Scg Aluminium	Mr scgaluminium.com	Kerala, Kasargod, Ward 6 Aarumi Adot, Ajanur, Andashram, Kasragod, Hosdurg, Building No 68B	Door No 47 Building No 68B, Hosdurg, Kasargod, Keralam
C2_Union_All_Composites	S1-260644882	S3-895073968	Tior Accounting Inc.	Tior Accounting Inc	1220 Little Big Horn Road, Alto, NM	
C2_Union_All_Composites	S1-813957725	S2-899592732	Tello, Lanie, P.A., P.C.	Tello, Lanie, P.A., Inc	624 Prospect Street, Unit 1/2, Bucyrus, OH	
C2_Union_All_Composites	S1-45907674	S2-831713883	Felix and Stanford Associates	Felix and Stanfdr Associates	337 Rockefeller Road, Richford, NY	
C2_Union_All_Composites	S1-934945377	S3-106938844	North Estate Private Limited	नॉर्थ एस्टेट प्राइवेट लिमिटेड	C/O Sunil Kumar, Vill, Wazidpurjansath, Jansath, Muzaffarnagar, Uttar Pradesh	Door No 585 C/o Sunil Kumar, Vill, Wazidpurjansath, Muzaffarnagar, Jansath, उत्तर प्रदेश
C2_Union_All_Composites	S1-356706315	S2-472924230	Ridgeline Gores Inc	Ectociranex	943 Fremont Street, Washington City, UT	94 FREMONT STREET, WASHINGTON CITY, UT
C2_Union_All_Composites	S1-956137384	S2-350388061	Quality Morgan LLC	Quality LLC Morgan | www.qualityll.com	13115 Foster Road, Unit 4, Portland, OR	
C2_High_Precision_Union	S1-855697537	S3-499937177	Jain Om Solutions Private Limited	ஜைன் ஓம் சொல்யூஷன்ஸ் பிரைவேட் லிமிடெட்	No.162, Narasimman Road Shevapet, Salem, Tamil Nadu	No.162, Narasimman Road Shevapet, Salem, TN
C2_High_Precision_Union	S1-994422780	S2-216011301	TQ India Private Limited	tqindia.com	Plot No-60, Pole No-0447, Deepak Vihar Najafgarh, New Delhi, South West Delhi, Delhi	POT NO-60, POLE NO-0447, DEEPAK VIHAR NAJAFGARH, NEW DELHI, SOUTH WEST DELHI, दिल्ली
C2_High_Precision_Union	S1-458172653	S3-835154015	Straight Edge Hair Studio	sehair.com	5446 Mild Drive, Fl 0, Saint Louis, MO	5446 Mild Drive, PO Box 9678, Oakville, Missouri
C2_High_Precision_Union	S1-284751271	S2-720297282	Tucson Economic Development Trust	tucsondevelopmenteconomic.com	1410 Santa Cruz Lane, Tucson, AZ	AZ, SANTA CRUZ LN, TUCSON
C2_High_Precision_Union	S1-57828400	S2-102076542	1205 Fourth Plaza Realty	1205fourthplaza.com	14729 Settlers Run, Strongsville, OH	#14729 SETTLERS RUN, STRONGSVILLE, OH
C2_High_Precision_Union	S1-984253306	S3-459870706	Optimal Apex Made Inc	Viodrexcalo	7 Old Lexington Road, Lincoln, MA	7 Old Lexington Rd, Lincoln, Massachusetts
C2_High_Precision_Union	S1-325037135	S3-54035906	First Tech Private Limited	फर्स्ट टेक प्राइवेट लिमिटेड	Level-Ii Elegance, Mathura Road Jasola, New Delhi, Delhi	Level-ii Elegance, Mathura Road Jasola, New Delhi, DL
C2_High_Precision_Union	S1-626759699	S3-570989416	Ford, Elaina, DO	#Fordelaina	30 Akron Street, Meriden, CT	#30 Akron St, Meriden, Connecticut
C2_High_Precision_Union	S1-961404006	S3-648366211	Congregation Israel	congregationisrael.com	1540 Hanover Street, Baltimore, MD	Hanover St, Baltimore, Maryland
C2_High_Precision_Union	S1-377666711	S2-757276356	Shree Impex Pvt Ltd	শ্রী ইম্পেক্স প্রাইভেট লিমিটেড	Alankar Apartment 58A, Pudoopukur Road, Kolkata, Howrah, West Bengal	ALANNAR APARTMENT 58A, PUDOOPUKUR ROAD, KOLKATA, West Bengal
C2_High_Precision_Union	S1-497491866	S3-439663930	Perfect Infotech Private Limited	ಪರ್ಫೆಕ್ಟ್ ಇನ್‌ಫೋಟೆಕ್ ಪ್ರೈವೇಟ್ ಲಿಮಿಟೆಡ್	#1685, 3Rd Main Road, Rammohanpuram, Rajajinagar, Srirampuram, Bangalore North, Bangalore, Karnataka	#1685., 3Rd Main Road, Rammohanpuram, Rajajinagar, Srirampuram, Bangalore North, Bangalore, ಕರ್ನಾಟಕ
C2_High_Precision_Union	S1-548125555	S2-278811760	Vijay Engineering Private Limited	विजय इंजीनियरिंग प्राइवेट लिमिटेड	Lg 4, 5, 6, 7, Somdutt Chamber Ii, 9 Bhikaji Cama Place, New Delhi, North West, Delhi	LG 4, 5, 6, 7, SOMDUTT CHAMBER II, 9 BHIKAJI CAMA PLACE, NEW DELHI, NORTH WEST, Delhi
C2_High_Precision_Union	S1-471438897	S2-222299906	Quality Lane, LLC	BRIXLYRAARC	85 Hays Lane, London, AR	LONDON, 86 HAYS LN, AR
C2_High_Precision_Union	S1-832544932	S2-675568411	Gautam Buddha Nagar Gems LLP	Miragild - 3844817074	Gaur City Mall Office, Space C 01 Bgh 01 Sec 4, Gautam Buddha Nagar, Uttar Pradesh	HN 928 GAUR CITY MALL OFFICE, GAUTAM BUDDHA NAGAR, Uttar Pradesh
C2_High_Precision_Union	S1-485823484	S3-143597819	Rocky Mountain Xcel Inc	Rockymountainxcel.Com	2775 Bradbury Road, Attica, IN	775 Bradbury Rd, Attica, Indiana
C2_High_Precision_Union	S1-186509450	S2-751404229	Digital Construction Private Limited	ഡിജിറ്റൽ കൺസ്ട്രക്ഷൻ പ്രൈവറ്റ് ലിമിറ്റഡ്	Kiliyileth Building, 2Nd Floor, Nh Road, Opposite Smart Bazar Pattom Kesavadasapuram, Thiruvananthapuram, Thiruvananthapuram, Tc 2/3592, Kerala, Trivandrum	TC 2/3592, KILIYILETH BUILDING, 2ND FLOOR, NH ROAD, OPPOSITE SMART BAZAR PATTOM KESAVADASAPURAM, THIRUVANANTHAPURAM, THIRUVANANTHAPURAM, TRIVANDRUM, Kerala
C2_High_Precision_Union	S1-478517253	S3-31832937	Lotus Constructions Private Limited	@Lotusconstructions	House No 675, At Post Mohadi, Taluka Dindori, Nashik, Maharashtra	House No 675, At Post Mohadi, Taluka Dindori, Nashik, MH
C2_High_Precision_Union	S1-625409722	S3-492722520	Indian Enterprises Limited	ഇന്ത്യൻ Enterprises ലിമിറ്റഡ്	41/4108 F 3 4 Th Floorkurian Towers Banarjee Road Cochin, Ernakulam, Kerala	41/4108 F 3 4 Th Floorkurian Towers Banarjee Road Cochin, Ernakulam, Ayyappankavu, KL
C2_High_Precision_Union	S1-760743735	S3-889489463	Global Care Private Limited	ગ્લોબલ કેર પ્રાઇવેટ લિમિટેડ	Shop No. D/101, Baverly Plaza, Ahmadabad City, Ahmedabad, Gujarat	Shop No. D/101, Baverly Plaza, Ahmadabad City, Ahmedabad, GJ
C2_High_Precision_Union	S1-757146694	S3-417231857	Tomas & Burnett Pineapple Inc	Dovaarc	761 Lafayette Avenue, Buffalo, NY	761 Lafayette Ave, Buffalo, New York
C2_High_Precision_Union	S1-950359402	S2-121821090	Jacquelyn Petit Clear Ampercap	jpclear.com	Mobile, 12110 Yancey Glen Drive, AL	12110 YANCEY GLEN DR, MOBILE, AL
C2_High_Precision_Union	S1-660217374	S2-852656998	KC Telecommunication	kctelecommunication.com	713 Second Street, Uniontown, KY	713-715 SECOND STREET, UNIONTOWN, KY
C2_High_Precision_Union	S1-539448222	S3-304015151	Al Investment Private Limited	அல் இன்வெஸ்ட்மெண்ட் பிரைவேட் லிமிடெட்	169 Victoria Street Tuticorin, Tuticorin, Thoothukudi, Tamil Nadu	169 Victoria Street Tuticofin, Tuticorin, Thoothukudi, TN
C2_High_Precision_Union	S1-870796649	S3-845245161	Edwards Holdings Group Inc	Erdas  Holdings Group Inc	5900 The Knolls, Lincoln, NE	5515 The Knolls, Lincoln, Nebraska
C2_High_Precision_Union	S1-165303814	S2-575658972	Le Best Nano	LEBESTNANO.COM	155 Tamarack Street, Sisters, OR	155 TAMARACK ST, SISTERS, OR
C2_High_Precision_Union	S1-761690016	S3-184076691	Ace Foundation Private Limited	ஏஸ் ஃபவுண்டேஷன் பிரைவேட் லிமிடெட்	3B, Yeses Square. 84, Greenways Road R.A.Puram, Chennai, Tamil Nadu	3B, Yeses Square. 84, Greenways Road R.a.puram, Chennai, TN
C2_High_Precision_Union	S1-526017514	S2-717060051	Shreehari Welfare Society	welfareshreeharisociety.com	A-410 Celebration City Centre, South Bopal, Daskroi, Ahmedabad, Gujarat	A-41 CELEBRATION CITY CENTRE, SOUTH BOPAL, AHMEDABAD, DASKROI, Gujarat
C2_High_Precision_Union	S1-28452587	S2-889897568	Jay Power Private Limited	जय पावर प्राइवेट लिमिटेड	Ground Floor, Dream Mansion Apartment B-10 Vijay Nagar, Rukunpura, Patna, Bihar	GROUND FLOOR, PATNA, RUKUNPURA, बिहार
C2_High_Precision_Union	S1-617138640	S3-79380899	Estrada Andretti LLC	estradaandretti.com	WV, 791 Friendly Hill Road, Friendly	791 Friendly Hill Rd, Friendly, West Virginia
C2_High_Precision_Union	S1-863884428	S3-955486986	AM Excellent LLP	AM Efcellcet LLP	H.No.7-1-618/Ev, Flat No.503, Everest Block, Aditya Enclave, Ameerpet, Hyderabad, Telangana	Hyderabad, Door No 7-1-618/Ev, Hyderabad, TG
C2_High_Precision_Union	S1-142532242	S2-473821043	Thar Sangh	tharsangh.com	H.No-46, Sec-6, Bahadurgarh, Jhajjar, Haryana	H.NO-46, SEC-6, BAHADURGARH, Haryana
C2_High_Precision_Union	S1-620369843	S2-161504551	Scott & Westfall Inc	SCOTTWESTFALL.COM	KY, Lawrenceburg, 503 Pawnee Drive	0503 PAWNEE DRIVE, LAWRENCEBURG, KY
C2_High_Precision_Union	S1-697068615	S3-767144025	Highland Apex Next LLC	highlandapexnext.com	1000 Spitzenburg Street, College Place, WA	Washington, College Place, 1000 Spitzenburg St
C2_High_Precision_Union	S1-98818742	S3-515381741	Mitchell Therapy Inc	Ciraorbi	34 Harrison Avenue, Islip, NY	34. Harrison Ave, Islip, New York
C2_High_Precision_Union	S1-208918727	S3-380588608	Silver Solutions Limited	सिल्वर सॉल्यूशंस लिमिटेड	Shop No 2Plot No 2 Ground Floor Kamrvddin Nagar, New Delhi, North Delhi, Delhi	No 2Plot No 2 Ground Floor Kamrvddin Nagar, New Delhi, North Delhi, DL
C2_High_Precision_Union	S1-12704643	S3-136528659	Dermatology Associates	dermatologyassoc.com	1816 37th Drive, Phoenix, AZ	1816 37th Drive, Pheonix, Arizona
C2_High_Precision_Union	S1-90412176	S3-240548072	Vijay International Hospitality Private Limited	विजय इंटरनेशनल हॉस्पिटैलिटी प्राइवेट लिमिटेड	Kh No-16/1, Vill-Mandoli, North East Delhi, Delhi	H.no 806 Kh No-16/1, Divreportingcircle, North East Delhi, DL
C2_High_Precision_Union	S1-711617350	S2-944728015	Green Services Pvt Ltd	ഗ്രീൻ സർവീസസ് പ്രൈവറ്റ് ലിമിറ്റഡ്	Kerala, Room No.D2 Arks Mansion, Kozhikode, Kottooli Po	ROOM NO.D#2 ARKS MANSION, KOTTOOLI PO, KOZHIKODE, CALICUT, Kerala
C2_High_Precision_Union	S1-782250936	S3-272005772	Delgado Pan	DP	1140 Eureka Drive, Kettering, OH	1140 Eureka Drive, Kettering, OH
C2_High_Precision_Union	S1-252105165	S3-879457436	Bombay Infrastructure Private Limited	बॉम्बे इंफ्रास्ट्रक्चर प्राइवेट लिमिटेड	A-15, Ashok Vihar, Phase - 1, Delhi, New Delhi, Delhi	A-15, Ashok Vihar, Phase - 1, Delhi, North West Delhi, दिल्ली
C2_High_Precision_Union	S1-499631520	S2-243089920	My Energy Private Limited	माय एनर्जी प्राइवेट लिमिटेड	C/O, Mr. Ram Dhan, 304, Karamchari Nagar, Gali No. 6, Bareilly, Izzat Nagar, Bareilly, Uttar Pradesh	C/O, BAREILLY, Uttar Pradesh
C2_High_Precision_Union	S1-535472510	S2-284084814	Instinct Techinfra Limited	instincttechinfra.com	Kundli, Plot No.A1/62, Kundli, Tdi Club Road, Haryana	PLOT NO.A1/62, TDI CLUB ROAD, KUNDLI, Haryana
C2_High_Precision_Union	S1-488180981	S2-423543140	North Impex Private Limited	नॉर्थ इम्पेक्स प्राइवेट लिमिटेड	Building No .1430, 1432, First Floor Gali Arya Samaj, Sita Ram Bazar, Delhi	BUILDING NO .1430, SITA RAM BAZAR, DELHI, दिल्ली
C2_High_Precision_Union	S1-217906743	S3-872857221	Diamond Certified Boral-Vidor	diamondcertifiedboralvidor.com	476 Bolivar Street, Vidor, TX	476B Bolivar St, Vidor, Texas
C2_High_Precision_Union	S1-93650066	S2-501994410	Global City Food Private Limited	ಗ್ಲೋಬಲ್ ಸಿಟಿ ಫುಡ್ ಪ್ರೈವೇಟ್ ಲಿಮಿಟೆಡ್	Ws16, Hiprofiles Business Centre, 1/A Church Street, Bangalore, Karnataka	WS16, HIPROFILES BUSINESS CENTRE, 1/A CHURCH STREET, BANGALORE, SAINT MARKS ROAD, Karnataka
C2_High_Precision_Union	S1-771350895	S2-991542472	Eastern Projects Limited	ஈஸ்டர்ன் புராஜெக்ட்ஸ் லிமிடெட்	S-2, Kurinchi 66 New Avadi Road, Chennai, Tamil Nadu	S-02, KURINCHI 66 NEW AVADI ROAD, CHENNAI, Tamil Nadu
C2_High_Precision_Union	S1-260636792	S2-692192970	Shivam Food Pvt Ltd	ଶିବମ୍ ଫୁଡ୍ ପ୍ରାଇଭେଟ୍ ଲିମିଟେଡ୍	Plot No. 2077/6449, Khata No. 994/551 Malikesawar Colony, Malkangiri, Orissa	PLOT NO. 2077/6449, MALKANGIRI, ଓଡ଼ିଶା
C2_High_Precision_Union	S1-608122657	S2-148723221	TX Services Private Limited	TX Seirvoegs Private Limited	Guntur, D No 2-24-6, Kakinada, Andhra Pradesh, Suryasoudha Apartments Srinagar	D NO 2-24-6/4 , SURYASOUDHA APARTMENTS SRINAGAR, KAKINADA, Andhra Pradesh
C2_High_Precision_Union	S1-39548589	S2-113639423	Shubha Constructions Pvt Ltd	SCONSTRUCTIONS.COM	Govind Sharan Agrawal Main Market, Farah, Mathura, Uttar Pradesh	GOVIND SHARAN AGRAWAL MAIN MARKET, FARAH, MATHURA, उत्तर प्रदेश
C2_High_Precision_Union	S1-668808000	S3-602748911	Real Products Private Limited	रियल प्रोडक्ट्स प्राइवेट लिमिटेड	Flat No. 804, 8Th Floor, Junior Mig, Vijay Stambh, Huzur, Bhopal, Madhya Pradesh	#8-04, 8Th Floor, Junior Mig, Vijay Stambh, Huzur, Bhopal, MP
