s1_id	target_id	source_type	recovered_in_bcde	recovered_in_bcdef	s1_name	target_name	s1_address	target_address
S1-438577211	S2-301716006	NAME_TRANSLITERATION	True	False	Al Estate Private Limited	अल एस्टेट प्राइवेट लिमिटेड	D-16A, Second Floor, Right Side Ashoka Enclave Main, Sector-35, Amarnagar, Faridabad, Haryana	D-16A, FARIDABAD, NCR DELHI, Haryana
S1-412033175	S2-991161167	NAME_TRANSLITERATION	True	False	Shiva Exports	शिवा एक्सपोर्ट्स	Lakhi Industry House, L B Shastri Marg Bhandup, Mumbai, Maharashtra	LAKHI INDUSTRY HOUSE, L B SHASTRI MARG BHANDUP, MUMBAI (SUBURBAN), Maharashtra
S1-12880868	S3-569782469	NAME_TRANSLITERATION	True	False	Shyam International	ಶ್ಯಾಮ್ ಇಂಟರ್‌ನ್ಯಾಷನಲ್	Madhav Nagar, 4Th Floor, Advanced Research Center, Udupi, Karnataka	Hn 385 Madhav Nagar, Udupi, 4Th Floor, Advanced Research Center, ಕರ್ನಾಟಕ
S1-56424130	S2-379325181	NAME_TRANSLITERATION	True	False	Alpha Finance Private Limited	ಆಲ್ಫಾ ಫೈನಾನ್ಸ್ ಪ್ರೈವೇಟ್ ಲಿಮಿಟೆಡ್	F 1118, #5, Hoodi Circle, Itpl Main Road Mahadevpura Post, Bangalore North, Bangalore, Karnataka	F, BANGALORE, BANGALORE NORTH, Karnataka
S1-853303216	S2-458677017	NAME_TRANSLITERATION	True	False	Supreme Services Limited	सुप्रीम सर्विसेज लिमिटेड	Ps - Babubarhi, Near Barail Chowk Khutauna Po - Teghra, Bihar, Madhubani	NEAR BARAIL CHOWK KHUTAUNA PO - TEGHRA, PS - BABUBARHI, MADHUBANI, बिहार
S1-71902894	S3-370636296	NAME_TRANSLITERATION	True	False	Best Technology Private Limited	बेस्ट टेक्नोलॉजी प्राइवेट लिमिटेड	Building B, Office 424, Suratwala Mark Plazzo, S. No. 27, Mulshi, Haveli, Pune, Maharashtra	Building B, Haveli, Pune, महाराष्ट्र
S1-687860137	S3-73336211	NAME_TRANSLITERATION	True	False	Krishna Solutions Private Limited	ક્રિષ્ના Solutions પ્રાઇવેટ લિમિટેડ	Shop No-311 Aspire, Business Campus, Ahmadabad City, Ahmedabad, Gujarat	Shop No-31 Aspire, N/A, Ahmadabad City, Ahmedabad, ગુજરાત
S1-724335753	S3-239614608	NAME_TRANSLITERATION	True	False	Golden Guru Consultants Limited	গোল্ডেন গুরু কনসালট্যান্টস লিমিটেড	2Nd Floor, Mangaldeepbuildcon Mission Bazar Krishnapur, Kolkata, Kolkata, Howrah, West Bengal	#2Nd. Floor, Mangaldeepbuildcon Mission Bazar Krishnapur, Kolkata, Kolkata, North 24 Parganas, পশ্চিমবঙ্গ
S1-926343179	S3-289342902	NAME_TRANSLITERATION	True	False	Global Sunrise Consulting	ग्लोबल सनराइज कंसल्टिंग	Near Bus Stand, Bigod Tehsil Mandalgarh, Bhilwara, Rajasthan	Door No 961 Near Bus Stand, Bigod Tehsil Mandalgarh, Bhilwara, RJ
S1-202122338	S2-293323972	NAME_TRANSLITERATION	True	False	Bharat Real Systems Private Limited	भारत रियल सिस्टम्स प्राइवेट लिमिटेड	C/O Ajay Kumar Yadav, At Phulwaria Po Ferusa, Chapra, Saran, Bihar	C/O AJAY KUMAR YADAV, AT PHULWARIA PO FERUSA, CHAPRA, SARAN, Bihar
S1-724335753	S3-153099131	NAME_TRANSLITERATION	True	False	Golden Guru Consultants Limited	গোল্ডেন গুরু কনসালট্যান্টস লিমিটেড	2Nd Floor, Mangaldeepbuildcon Mission Bazar Krishnapur, Kolkata, Kolkata, Howrah, West Bengal	2Nd. Floor, Kolkata, North 24 Parganas, পশ্চিমবঙ্গ
S1-752828645	S3-179532635	NAME_TRANSLITERATION	True	False	Dynamic Marketing Pvt Ltd	ಡೈನಾಮಿಕ್ ಮಾರ್ಕೆಟಿಂಗ್ ಪ್ರೈವೇಟ್ ಲಿಮಿಟೆಡ್	F1 Creative Royal Apt, Srinivas Reddy Layout, Chinnappanahalli, Mahadevapura, Bangalore, Karnataka	F##1 Creative Royal Apt, Bangalore Urban, ಕರ್ನಾಟಕ
S1-831756958	S3-292764199	NAME_TRANSLITERATION	True	False	Global Infotech Private Limited	ग्लोबल इंफोटेक प्राइवेट लिमिटेड	C/O Raj Kumar Sharma, 11, Maharaj Ganjh, Gulzarbagh, Patna City, Patna, Bihar	Plot 60 C/o Raj Kumar Sharma, Patna, BR
S1-825241607	S3-432655804	NAME_TRANSLITERATION	True	False	Future Investment Private Limited	फ्यूचर इन्वेस्टमेंट प्राइवेट लिमिटेड	D - 18A, Hans Building, Near Beni Sweets, Laxmi Nagar, New Delhi, East Delhi, Delhi	H.no 829 D - 18A, New Delhi, East Delhi, DL
S1-207335088	S2-889761984	NAME_TRANSLITERATION	True	False	Big Investment Private Limited	बिग इन्वेस्टमेंट प्राइवेट लिमिटेड	3Rd Grd Krishna Bhavan Uthalsar Naka, Thane, Maharashtra, Thane	3RD GRD KRISHNA BHAVAN UTHALSAR NAKA, THANE, Maharashtra
S1-544533608	S3-542706366	NAME_TRANSLITERATION	True	False	Sai Software Private Limited	साई सॉफ्टवेयर प्राइवेट लिमिटेड	B5/A New Ashok Nagar, Delhi, East Delhi	B5/a New Ashok Nagar, East Delhi, Delhi, DL
S1-803249203	S3-485135365	NAME_TRANSLITERATION	True	False	Baba Galaxy Software Private Limited	बाबा गैलेक्सी सॉफ्टवेयर प्राइवेट लिमिटेड	A-454Shastri Nagar, New Delhi, North Delhi, Delhi	Door No 701 A-454shastri Nagar, North Delhi, New Delhi, DL
S1-886196683	S2-928878314	NAME_TRANSLITERATION	True	False	Ram Marketing Private Limited	রাম মার্কেটিং প্রাইভেট লিমিটেড	3Rd Floor, Howrah, West Bengal, Kolkata, Purbasha Apartment Atghara, Gopalpur, Kolkata	3RD FLOOR, HOWRAH, NORTH 24 PARGANAS, West Bengal
S1-747248158	S3-816528633	NAME_TRANSLITERATION	True	False	Supreme Trading Private Limited	सुप्रीम ट्रेडिंग प्राइवेट लिमिटेड	Jaipur, Rajasthan, 21A, Jaipur, Burmese Colony, Opposite Shankar Park, A, Gra Road	Blcok G-669 21A, Jaipur, Raja Park, RJ
S1-641190202	S2-81913314	NAME_TRANSLITERATION	True	False	Surya Solutions	सूर्या सॉल्यूशंस	13Th Floor, Mumbai, B - 1305, Kohinoor Square, Plot No. 46 N.C. Kelkar Marg, Opp. Shivsena Bhavan, Dadar(W), Maharashtra, Mumbai City	DOOR NO 13TH FLOOR, MUMBAI, MUMBAI CITY, महाराष्ट्र
S1-784217487	S3-552490727	NAME_TRANSLITERATION	True	False	Tirupati Care	തിരുപ്പതി കെയർ	Melepurakkal Building, Puliyakkode Post, Ernad, Malappuram, Malapuram, Kerala	Door No ##794 Melepurakkal Building, Malappuram, Malapuram, Keralam
S1-260794224	S2-633819920	NAME_TRANSLITERATION	True	False	Baba Lotus Properties Limited	बाबा लोटस प्रॉपर्टीज लिमिटेड	A.B. Road, Manglia, Indore, Madhya Pradesh	A.B. ROAD, INDORE, MANGLIA, Madhya Pradesh
S1-789069666	S2-589721186	NAME_TRANSLITERATION	True	False	Shivam Infra Pvt Ltd	ಶಿವಂ ಇನ್‌ಫ್ರಾ ಪ್ರೈವೇಟ್ ಲಿಮಿಟೆಡ್	C/O Sivakumar Subramania2432, 16Th 'B' Main Road, Hal 2Nd Stage, Bangalore., Karnataka	C/O SIVAKUMAR SUBRAMANIA2432, 16TH 'B' MAIN ROAD, HAL 2ND STAGE, BANGALORE., Karnataka
S1-855697537	S2-783627293	NAME_TRANSLITERATION	True	False	Jain Om Solutions Private Limited	ஜைன் ஓம் சொல்யூஷன்ஸ் பிரைவேட் லிமிடெட்	No.162, Narasimman Road Shevapet, Salem, Tamil Nadu	NO.62, NARASIMMAN ROAD SHEVAPET, SALEM, தமிழ்நாடு
S1-34556665	S3-820219305	NAME_TRANSLITERATION	True	False	Indian Products Private Limited	इंडियन प्रोडक्ट्स प्राइवेट लिमिटेड	Unit No. 128A, D Mall, Plot No. A-1 Netaji Subhash Place, Pitampura, Delhi, North West, Delhi	Uiit No. 128A, Delhi, North West, दिल्ली
S1-867248843	S3-167081169	NAME_TRANSLITERATION	True	False	Jai Universal Consultancy Limited	ਜੈ ਯੂਨੀਵਰਸਲ ਕੰਸਲਟੈਂਸੀ ਲਿਮਟਿਡ	C/O Inderpal Chug Allhoran Gate, Camp Road, Nabha, Patiala, Punjab	null, Nabha, C/o Inderpal Chug Allhoran Gate, PB, Patiala
S1-825241607	S2-928170744	NAME_TRANSLITERATION	True	False	Future Investment Private Limited	फ्यूचर इन्वेस्टमेंट प्राइवेट लिमिटेड	D - 18A, Hans Building, Near Beni Sweets, Laxmi Nagar, New Delhi, East Delhi, Delhi	D - 18A, Delhi, NEW DELHI, HANS BUILDING, NEAR BENI SWEETS, LAXMI NAGAR, NEW DELHI
S1-207335088	S3-32603668	NAME_TRANSLITERATION	True	False	Big Investment Private Limited	बिग इन्वेस्टमेंट प्राइवेट लिमिटेड	3Rd Grd Krishna Bhavan Uthalsar Naka, Thane, Maharashtra, Thane	3Rd. Grd Krishna Bhavan Uthalsar Naka, Thane, null, MH
S1-688170968	S2-235209290	NAME_TRANSLITERATION	True	False	Shyam Technology Private Limited	श्याम टेक्नोलॉजी प्राइवेट लिमिटेड	C/O Shushila Singh, Krishana Palli Nr Maoryal, Lucknow, Uttar Pradesh	PLOT 667 C/O SHUSHILA SINGH, LUCKNOW, ALAMBAGH LUCKNOW, Uttar Pradesh
S1-682080762	S2-453813504	NAME_TRANSLITERATION	True	False	Jain Hospitality Limited	जैन हॉस्पिटैलिटी लिमिटेड	Banka, Bihar, Patna, Arvind Kumar, 36 Jaiprakash Nagar Jaiprakash Nagar	ARVIND KUMAR, BANKA, Bihar
S1-359039319	S3-197646508	NAME_TRANSLITERATION	True	False	Silver Smart Finance Private Limited	सिल्वर स्मार्ट फाइनेंस प्राइवेट लिमिटेड	502, E Wing, B & C Block, Trade World, Kamala Mills, Mumbai, Maharashtra	Mumbai, 702, महाराष्ट्र
S1-20886832	S2-909044410	NAME_TRANSLITERATION	True	False	Tirupati International Pvt Ltd	ತಿರುಪತಿ ಇಂಟರ್‌ನ್ಯಾಷನಲ್ ಪ್ರೈವೇಟ್ ಲಿಮಿಟೆಡ್	Ground Floor No.445, Jkn Towers, 5Th Main Road, 16Th Cross, 6Th Sector, Bangalore South, Bangalore, Karnataka	GROUND FLOOR NO.44, JKN TOWERS, 5TH MAIN ROAD, 16TH CROSS, 6TH SECTOR, BANGALORE SOUTH, BANGALORE, Karnataka
S1-935176981	S2-418284878	NAME_TRANSLITERATION	True	False	Royal Marketing Private Limited	रॉयल मार्केटिंग प्राइवेट लिमिटेड	Ground Floor, Gattani Sqauare, Hari Das Ji Ki Magri, Girwa, Udaipur, Rajasthan	#173 GROUND FLOOR, GATTANI SQAUARE, HARI DAS JI KI MAGRI, UDAIPUR, GIRWA, Rajasthan
S1-510522298	S2-500817680	NAME_TRANSLITERATION	True	False	Surya Projects Private Limited	सूर्या प्रोजेक्ट्स प्राइवेट लिमिटेड	Co Arun Kr Yadav, Baker Ganj Natraj Gali Bankipur, Patna, Bihar	CO ARUN KR YADAV, BAKER GANJ NATRAJ GALI BANKIPUR, PATNA, Bihar
S1-701667842	S3-946760567	NAME_TRANSLITERATION	True	False	Smart Infotech Private Limited	ஸ்மார்ட் இன்ஃபோடெக் பிரைவேட் லிமிடெட்	Sarvamhouse, Mowlivakkam, Chennai, Plotno.84&89, Doorno.63, Rajagopalapuram5Thstreet, Tamil Nadu	Sarcamhouse, TN, Chennai, Mowlivakkam
S1-309666814	S2-874990080	NAME_TRANSLITERATION	True	False	Alpha Services LLP	अल्फा सर्विसेज एलएलपी	C/O Raja Ram Saw, Vill-Sarbahada, Atri, Gaya, Bihar	C/O RJAA RAM SAW, VILL-SARBAHADA, GAYA, Bihar
S1-290699688	S3-440213961	NAME_TRANSLITERATION	True	False	Best Infra Private Limited	बेस्ट इंफ्रा प्राइवेट लिमिटेड	C/O Virendra Singh, Shahjhanpur, Alwar, Alwar, Rajasthan	C/o Virendra Singh, Shahjhanpur, Alwar, Alwar, राजस्थान
S1-425032483	S2-740918952	NAME_TRANSLITERATION	True	False	Sree Golden Investment Private Limited	श्री गोल्डन इन्वेस्टमेंट प्राइवेट लिमिटेड	10 Th Floor Building 4, Western Express Highway, Goregaon East, Nesco It Park, Mumbai, Maharashtra	NESCO IT PARK, GOREGAON EAST, महाराष्ट्र
S1-514786764	S2-114707107	NAME_TRANSLITERATION	True	False	Red International Private Limited	रेड इंटरनेशनल प्राइवेट लिमिटेड	1305A, Brighton Tower Chsl, 2Nd Cross Lane, Lokhandwala Complex, Andheri West, Mumbai, Maharashtra	BLOCK C-C-206 1305A, MUMBAI, MUMBAI (SUBURBAN), महाराष्ट्र
S1-80750207	S2-455173551	NAME_TRANSLITERATION	True	False	Guru Builders Private Limited	गुरु बिल्डर्स प्राइवेट लिमिटेड	Govind Prajapat S/O Bhagwan Lal Rathasen Chonk, Sinhad, Nathdwara, Rajsamand, Rajasthan	GOVIND PRAJAPAT S/O BHAGWAN LAL RATHASEN CHONK, RAJSAMAND, राजस्थान
S1-688170968	S3-588430070	NAME_TRANSLITERATION	True	False	Shyam Technology Private Limited	श्याम टेक्नोलॉजी प्राइवेट लिमिटेड	C/O Shushila Singh, Krishana Palli Nr Maoryal, Lucknow, Uttar Pradesh	C/o Shushila Singh, Krishana Palli Nr Maoryal, Lucknow, उत्तर प्रदेश
S1-386149014	S2-167843939	NAME_TRANSLITERATION	True	False	Surya Solutions Pvt Ltd	सूर्या सॉल्यूशंस प्रा. लि.	I-17B 1St Floor, Plot-56, B Wing, Kripton Twin Tower, Mumbai, Maharashtra	I-17B 1ST FLOOR, MUMBAI, Maharashtra
S1-302620635	S2-613098442	NAME_TRANSLITERATION	True	False	Best International Industries Private Limited	বেস্ট ইন্টারন্যাশনাল ইন্ডাস্ট্রিজ প্রাইভেট লিমিটেড	Shree Ram Nagar Teghoria, V.I.P Road, P.S-Rajarhat, Kolkata, Howrah, West Bengal	SHRIE RAM NAGAR TEGHORIA, V.I.P ROAD, P.S-RAJARHAT, PURBA MEDINIPUR, HOWRAH, West Bengal
S1-215334943	S3-942051355	NAME_TRANSLITERATION	True	False	Alpha It Private Limited	अल्फा आईटी प्राइवेट लिमिटेड	Gayatri Nagar, Gorakhpur Sadar, Gorakhpur, Uttar Pradesh	Gayatri Nagar, Gorakhpur, UP
S1-539448222	S2-168890055	NAME_TRANSLITERATION	True	False	Al Investment Private Limited	அல் இன்வெஸ்ட்மெண்ட் பிரைவேட் லிமிடெட்	169 Victoria Street Tuticorin, Tuticorin, Thoothukudi, Tamil Nadu	00169 VICTORIA STREET TUTICORIN, THOOTHUKUDI, TUTICORIN, Tamil Nadu
S1-179510455	S2-194194448	NAME_TRANSLITERATION	True	False	Silver Constructions Pvt Ltd	सिल्वर कंस्ट्रक्शंस प्रा. लि.	Near Police Station, Parasia, Madhya Pradesh	NEAR POLICE STATION, BETUL, NULL, Madhya Pradesh
S1-215334943	S2-789270237	NAME_TRANSLITERATION	True	False	Alpha It Private Limited	अल्फा आईटी प्राइवेट लिमिटेड	Gayatri Nagar, Gorakhpur Sadar, Gorakhpur, Uttar Pradesh	GAYATRI NAGAR, GORAKHPUR SADAR, GORAKHPUR, Uttar Pradesh
S1-529297183	S2-917501657	NAME_TRANSLITERATION	True	False	Surya Industries Private Limited	ಸೂರ್ಯ ಇಂಡಸ್ಟ್ರೀಸ್ ಪ್ರೈವೇಟ್ ಲಿಮಿಟೆಡ್	Karnataka, Kh No.1 Sy No.11&12, Shettyhalli, Jalahalli West, Bangalore, Flat No.A-1101 Prince Town Apts	BANGALORE, FLAT NO.A-101 PRINCE TOWN APTS, BANGALORE, ಕರ್ನಾಟಕ
S1-292710200	S2-786630611	NAME_TRANSLITERATION	True	False	Surya Infra Private Limited	सूर्या इंफ्रा प्राइवेट लिमिटेड	C/Onikhil Agrawal Rangpur, Road Opp Panghat Hotel, Kota, Rajasthan	C/ONIKHIL AGRAWAL RANGPUR, ROAD OPP PANGHAT HOTEL, KOTA, राजस्थान
S1-489961360	S3-788966965	NAME_TRANSLITERATION	True	False	Indian Care Pvt Ltd	इंडियन केयर प्रा. लि.	G No -67, Plot No 11/C, Waluj Maha, Aurangabad, Maharashtra	G No -69, Aurangabad, MH
S1-201005864	S2-841640131	NAME_TRANSLITERATION	True	False	Raj Producer Private Limited	রাজ প্রডিউসার প্রাইভেট লিমিটেড	C/O Ambubachi India Pvt Ltd Sarkar Para Bankim Nagar, Po-Sevoke Road, Siliguri, Darjiling, Darjeeling, West Bengal	C/O AMBUBACHI INDIA PVT LTD SARKAR PARA BANKIM NAGAR, JALPAIGURI, DARJILING, West Bengal
S1-687860137	S3-479940387	NAME_TRANSLITERATION	True	False	Krishna Solutions Private Limited	કૃષ્ણ સોલ્યુશન્સ પ્રાઇવેટ લિમિટેડ	Shop No-311 Aspire, Business Campus, Ahmadabad City, Ahmedabad, Gujarat	Shop No-31 Aspire, N/A, Ahmedabad, Ahmadabad City, GJ
S1-279412353	S3-485813400	NAME_TRANSLITERATION	True	False	Aditya Industries Private Limited	आदित्य इंडस्ट्रीज प्राइवेट लिमिटेड	Delhi, North East Delhi, Fatak Mandoli Road, Ashok Nagar, Km Block	Km Block, Fatak Mandoli Road, Ashok Nagar, West Delhi, North East Delhi, DL
S1-720046243	S2-44300154	NAME_TRANSLITERATION	True	False	Alpha Agro LLP	अल्फा एग्रो एलएलपी	New Delhi, 10Th Floor, Gopala Tower, 10A, Delhi, Central Delhi	10A, 10TH FLOOR, GOPALA TOWER, CENTRAL DELHI, NEW DELHI, दिल्ली
S1-886196683	S3-608256689	NAME_TRANSLITERATION	True	False	Ram Marketing Private Limited	রাম মার্কেটিং প্রাইভেট লিমিটেড	3Rd Floor, Howrah, West Bengal, Kolkata, Purbasha Apartment Atghara, Gopalpur, Kolkata	3Rd/9 Floor, Purbasha Apartment Atghara, Gopalpur, Kolkata, Kolkata, Howrah, পশ্চিমবঙ্গ
S1-358577937	S2-912660736	NAME_TRANSLITERATION	True	False	Indian Food Limited	इंडियन फूड लिमिटेड	Mahadev Nagar, Kailash Mode, Sikandra, Agra, Uttar Pradesh	MAHADEV NAGAR, AGRA, Uttar Pradesh
S1-720046243	S2-806315386	NAME_TRANSLITERATION	True	False	Alpha Agro LLP	अल्फा एग्रो एलएलपी	New Delhi, 10Th Floor, Gopala Tower, 10A, Delhi, Central Delhi	10A, 10TH FLOOR, GOPALA TOWER, NEW DELHI, CENTRAL DELHI, Delhi
S1-747248158	S2-100963147	NAME_TRANSLITERATION	True	False	Supreme Trading Private Limited	सुप्रीम ट्रेडिंग प्राइवेट लिमिटेड	Jaipur, Rajasthan, 21A, Jaipur, Burmese Colony, Opposite Shankar Park, A, Gra Road	21, DIVREPORTINGCIRCLE, JAIPUR, राजस्थान
S1-309666814	S3-382492342	NAME_TRANSLITERATION	True	False	Alpha Services LLP	अल्फा सर्विसेज एलएलपी	C/O Raja Ram Saw, Vill-Sarbahada, Atri, Gaya, Bihar	C/o Raja Ram Saw, Vill-sarbahada, Atri, Gaya, BR
S1-758634528	S2-807948649	NAME_TRANSLITERATION	True	False	Guru Technologies Private Limited	গুরু টেকনোলজিস প্রাইভেট লিমিটেড	Calcutta, Kolkata, 18J & M Park Street, West Bengal	18J & M PARK STREET, KOLKATA, CALCUTTA, West Bengal
S1-880376815	S2-498131075	NAME_TRANSLITERATION	True	False	Surya Developers Private Limited	सूर्य डेवलपर्स प्राइवेट लिमिटेड	Ramaipatti, Sadar, Mirzapur, Uttar Pradesh	उत्तर प्रदेश, MIRZAPUR, DOOR NO 508 RAMAIPATTI, MIRZAPUR
S1-912910759	S2-392763302	NAME_TRANSLITERATION	True	False	Raj Finance Pvt Ltd	రాజ్ ఫైనాన్స్ ప్రైవేట్ లిమిటెడ్	Mittalhouse, 1-8-344, Indianairlines Colonypatigadda, Begumpet, Hyderabad, Telangana	MITTALHOUSE, BEGUMPET, HYDERABAD, Telangana
S1-867248843	S2-989488114	NAME_TRANSLITERATION	True	False	Jai Universal Consultancy Limited	ਜੈ ਯੂਨੀਵਰਸਲ ਕੰਸਲਟੈਂਸੀ ਲਿਮਟਿਡ	C/O Inderpal Chug Allhoran Gate, Camp Road, Nabha, Patiala, Punjab	C/O INDERPAL CHUG ALLHORAN GATE, NABHA, PATIALA, ਪੰਜਾਬ
S1-392586199	S3-641533550	NAME_TRANSLITERATION	True	False	Indo Tech	ಇಂಡೋ ಟೆಕ್	Site No. 33, Bhumika Layout Sidedahalli, Yashawanthpur Hobli, Bangalore North, Bangalore, Karnataka	Site No. 0033, Bangalore, Bangalore North, ಕರ್ನಾಟಕ
S1-491970047	S2-561865273	NAME_TRANSLITERATION	True	False	Ram Producer Private Limited	রাম প্রডিউসার প্রাইভেট লিমিটেড	Ground Floor, Rog Floor, Room-27, Srija Apartment, Barabani, Bardhaman, West Bengal	GROUND FLOOR, BARDHAMAN, BARABANI, West Bengal
S1-52035032	S2-427594772	NAME_TRANSLITERATION	True	False	Alpha Care Pvt Ltd	अल्फा केयर प्रा. लि.	Anand Singh Rajbag Kanchi Watika Alka Puri, Udaipur, Rajasthan	ANAND SINGH RAJBAG KANCHI WATIKA ALKA PURI, UDAIPUR, Rajasthan
S1-435283178	S2-568259673	NAME_TRANSLITERATION	True	False	Arihant Estate Pvt Ltd	અરિહંત એસ્ટેટ પ્રા. લિ.	Pragya Accelator Ii, Building 15B, Block No. 15, Road No 1C, Zone 1, Gift Sez, Gandhi Nagar, Gujarat	PRAGYA ACCELATOR II, GANDHI NAGAR, ગુજરાત
S1-292464858	S2-423838362	NAME_TRANSLITERATION	True	False	Silver Infra Private Limited	सिल्वर इंफ्रा प्राइवेट लिमिटेड	C/O Sita Devi, Raghopur, Raghopur, Supaul, Saharsa, Bihar	C/O SITA DEI, RAGHOPUR, RAGHOPUR, SUPAUL, SAHARSA, Bihar
S1-756955877	S2-460129176	NAME_TRANSLITERATION	True	False	Laxmi Investments Private Limited	लक्ष्मी इन्वेस्टमेंट्स प्राइवेट लिमिटेड	A1/A2 Colony, Sanfran Ashok City, Jhansi, Uttar Pradesh	A1/A2 COLNY, JHANSI, Uttar Pradesh
S1-153293352	S3-997863855	NAME_TRANSLITERATION	True	False	Aditya Exports Pvt Ltd	आदित्य एक्सपोर्ट्स प्रा. लि.	Times Of India Bldgmunicipal Lane D N Road, Mumbai, Maharashtra	Mumbai, महाराष्ट्र, Mumbai, No 434 Times Of India Bldgmunicipal Lane D N Raod
S1-169369103	S2-544772738	NAME_TRANSLITERATION	True	False	Golden Business Private Limited	ಗೋಲ್ಡನ್ ಬಿಸಿನೆಸ್ ಪ್ರೈವೇಟ್ ಲಿಮಿಟೆಡ್	Hubli, Dharwar, Karnataka, Bardansal	PLOT 200/3 BARDANSAL, DHARWAR, HUBLI DHARWAD, Karnataka
S1-295359859	S3-602369400	NAME_TRANSLITERATION	True	False	Balaji Industries Private Limited	ಬಾಲಾಜಿ ಇಂಡಸ್ಟ್ರೀಸ್ ಪ್ರೈವೇಟ್ ಲಿಮಿಟೆಡ್	5Th Floor, Summit B, Brigade Metropolis, Bangalore North, Bangalore, Karnataka	C-5th Floor, Summit B, Brigade Metropolis, Bangalore North, Bangalore, KA
S1-818450745	S2-681521458	NAME_TRANSLITERATION	True	False	Shree Marketing Private Limited	श्री मार्केटिंग प्राइवेट लिमिटेड	Rz-126D, Raj Nagar-Ii Palam Colony, New Delhi, West Delhi, Delhi	RZ-126D, NEW DELHI, WEST DELHI, Delhi
S1-514786764	S3-540033666	NAME_TRANSLITERATION	True	False	Red International Private Limited	रेड इंटरनेशनल प्राइवेट लिमिटेड	1305A, Brighton Tower Chsl, 2Nd Cross Lane, Lokhandwala Complex, Andheri West, Mumbai, Maharashtra	1305A, Mumbai, MH
S1-386250886	S3-729780595	NAME_TRANSLITERATION	True	False	Red Krishna Hospitality Limited	রেড কৃষ্ণ হসপিটালিটি লিমিটেড	4A, Ekdalia Place, Flat No- 12, 4Th Floor, Kolkata, Kolkata, Howrah, West Bengal	4A, Kolkata, পশ্চিমবঙ্গ
S1-691263064	S2-205923345	NAME_TRANSLITERATION	True	False	Baba Media Private Limited	বাবা মিডিয়া প্রাইভেট লিমিটেড	Vill - Nashipur P.O. - Pukhuria P.S. - Ratua, Malda, West Bengal	MALDA, VILL - NASHIPUR P.O. - PUKHURIA P.S. - RATUA, MALDA, পশ্চিমবঙ্গ
S1-615309336	S3-706454295	NAME_TRANSLITERATION	True	False	Bharat Hari Business Pvt Ltd	భారత్ హరి బిజినెస్ ప్రైవేట్ లిమిటెడ్	To Plot No. 54/S, 2Nd Avenue, Anupuram, Dr. A.S., Rao Nagar, Ecil Post, Secunderabad, Hyderabad, Telangana	To Plot No. 5-4/S, 2Nd Avenue, Anupuram, Dr. A.s., Rao Nagar, Ecil Post, TG, Secunderabad, Hyderabad
S1-867248843	S3-432780268	NAME_TRANSLITERATION	True	False	Jai Universal Consultancy Limited	ਜੈ ਯੂਨੀਵਰਸਲ ਕੰਸਲਟੈਂਸੀ ਲਿਮਟਿਡ	C/O Inderpal Chug Allhoran Gate, Camp Road, Nabha, Patiala, Punjab	C/o Inderpal Chug Allhoran Gate, null, Nabha, Patiala, PB
S1-838746748	S3-1037014	NAME_TRANSLITERATION	True	False	Vijay It	ਵਿਜੈ ਆਈਟੀ	# 209 Kamla Nehru Colony, Bathinda, Punjab	Door No 09 Kamla Nehru Colony, Bathinda, PB
S1-92146381	S3-556178045	NAME_TRANSLITERATION	True	False	Seven Hospitality LLP	ಸೆವೆನ್ ಹಾಸ್ಪಿಟಾಲಿಟಿ ಎಲ್ಎಲ್‌ಪಿ	Chitwadgi, Hospetbellary District Karnataka., Karnataka	Chitwadgi, Hospetbellary District Karnataka., KA
S1-880376815	S2-856171864	NAME_TRANSLITERATION	True	False	Surya Developers Private Limited	सूर्या डेवलपर्स प्राइवेट लिमिटेड	Ramaipatti, Sadar, Mirzapur, Uttar Pradesh	508 RAMAIPATTI, SADAR, MIRZAPUR, उत्तर प्रदेश
S1-969751498	S3-672879316	NAME_TRANSLITERATION	True	False	Global Infra Pvt Ltd	ગ્લોબલ ઇન્ફ્રા પ્રા. લિ.	A-50, Neminath Krupa Society, B/H Vishram Nagar, Memnagar, Ahmedabad, Gujarat	A-5-0, Ahmedabad, Ahmadabad, GJ
S1-386149014	S3-743073736	NAME_TRANSLITERATION	True	False	Surya Solutions Pvt Ltd	सूर्य सॉल्यूशंस प्रा. लि.	I-17B 1St Floor, Plot-56, B Wing, Kripton Twin Tower, Mumbai, Maharashtra	I-17b 1St Floor, Mumbai, MH
S1-519031774	S2-899630344	NAME_TRANSLITERATION	True	False	Red Consulting Private Limited	રેડ કન્સલ્ટિંગ પ્રાઇવેટ લિમિટેડ	Opp Under Bridgeshahibag Ahmedabad, Gujarat, Ahmedabad, Gujarat	OPP UNDER BRIDGESHAHIBAG AHMEDABAD, GUJARAT, AHMEDABAD, ગુજરાત
S1-756955877	S2-52288038	NAME_TRANSLITERATION	True	False	Laxmi Investments Private Limited	लक्ष्मी इन्वेस्टमेंट्स प्राइवेट लिमिटेड	A1/A2 Colony, Sanfran Ashok City, Jhansi, Uttar Pradesh	A1/A2 COLONY, JHANSI, Uttar Pradesh
S1-235790136	S2-569417245	NAME_TRANSLITERATION	True	False	Krishna Engineering Private Limited	കൃഷ്ണാ എൻജിനീയറിംഗ് പ്രൈവറ്റ് ലിമിറ്റഡ്	Pullattuveli, Cmc 21, Cherthala, Alappuzha, Kerala	PULLTTUVELI, CHERTHALA, ALAPPUZHA, Kerala
S1-105263849	S2-275775969	NAME_TRANSLITERATION	True	False	Indian Global Private Limited	इंडियन ग्लोबल प्राइवेट लिमिटेड	Jaipur, G-1 Agrasen Tower, Rajasthan, Central Spine, Jaipur	G-2 AGRASEN TOWER, JAIPUR, Rajasthan
S1-926343179	S2-321978344	NAME_TRANSLITERATION	True	False	Global Sunrise Consulting	ग्लोबल सनराइज कंसल्टिंग	Near Bus Stand, Bigod Tehsil Mandalgarh, Bhilwara, Rajasthan	PLOT 646 NEAR BUS STAND, BIGOD TEHSIL MANDALGARH, BHILWARA, राजस्थान
S1-188693112	S2-275997564	NAME_TRANSLITERATION	True	False	Aditya Infrastructure Private Limited	आदित्य इंफ्रास्ट्रक्चर प्राइवेट लिमिटेड	C.G.E W.H.O, Sector 11B 2/11 Sector 11, Kharghar, Navi Mumbai, Raigarh, Maharashtra	KHARGHAR NAVI MUMBAI, NAVI MUMBAI, महाराष्ट्र, HN 665  C.G.E W.H.O
S1-305966960	S2-685119584	NAME_TRANSLITERATION	True	False	Best Jai Media Private Limited	बेस्ट जय मीडिया प्राइवेट लिमिटेड	C/O Bhalchandra Kakde, H.No. 64, At Dhanora, Sillod, Aurangabad, Maharashtra	C/O BHALCHANDRA KAKDE, SILLOD, AURANGABAD, Maharashtra
S1-903800568	S3-541382788	NAME_TRANSLITERATION	True	False	Arihant Software Private Limited	অরিহন্ত সফটওয়্যার প্রাইভেট লিমিটেড	Mohiniapartment, Flatno.A-9, 3Rdfloormohisgote, P.O.-Krishnapur, Kolkata, Kolkata, Howrah, West Bengal	Mohiniapartment, Kolkata, Howrah, WB
S1-491970047	S2-253373505	NAME_TRANSLITERATION	True	False	Ram Producer Private Limited	রাম প্রডিউসার প্রাইভেট লিমিটেড	Ground Floor, Rog Floor, Room-27, Srija Apartment, Barabani, Bardhaman, West Bengal	GROUND FLOOR, BARABANI, BARDHAMAN, পশ্চিমবঙ্গ
S1-153293352	S2-332134332	NAME_TRANSLITERATION	True	False	Aditya Exports Pvt Ltd	आदित्य एक्सपोर्ट्स प्रा. लि.	Times Of India Bldgmunicipal Lane D N Road, Mumbai, Maharashtra	TIMES OF INDIA BLDGUMNICIPAL LANE D N ROAD, Maharashtra, MUMBAI
S1-568983864	S2-616650582	NAME_TRANSLITERATION	True	False	Ram Producer Private Limited	రామ్ ప్రొడ్యూసర్ ప్రైవేట్ లిమిటెడ్	No.203, 2Nd Floor, Koramenugunta, Tirupati (Urban), Chittoor, Andhra Pradesh	205, 2ND FLOOR, KORAMENUGUNTA, TIRUPATI (URBAN), CHITTOOR, ఆంధ్రప్రదేశ్
S1-803249203	S2-923129567	NAME_TRANSLITERATION	True	False	Baba Galaxy Software Private Limited	बाबा गैलेक्सी सॉफ्टवेयर प्राइवेट लिमिटेड	A-454Shastri Nagar, New Delhi, North Delhi, Delhi	NEW DELHI, Delhi, NORTH DELHI, H.NO 888 A-454SHASTRI NAGAR
S1-169369103	S2-986335673	NAME_TRANSLITERATION	True	False	Golden Business Private Limited	ಗೋಲ್ಡನ್ ಬಿಸಿನೆಸ್ ಪ್ರೈವೇಟ್ ಲಿಮಿಟೆಡ್	Hubli, Dharwar, Karnataka, Bardansal	HUBLI DHARWAD, HUBBALLI, ಕರ್ನಾಟಕ, PLOT 200/3 BARDANSAL
S1-153293352	S3-623389382	NAME_TRANSLITERATION	True	False	Aditya Exports Pvt Ltd	आदित्य एक्सपोर्ट्स प्रा. लि.	Times Of India Bldgmunicipal Lane D N Road, Mumbai, Maharashtra	No 434 Times Of India Bldgmunicipal Lane D N Road, Mumbai, महाराष्ट्र
S1-182212269	S3-294247583	NAME_TRANSLITERATION	True	False	Al Best Projects Private Limited	ਅਲ ਬੈਸਟ ਪ੍ਰੋਜੈਕਟਸ ਪ੍ਰਾਈਵੇਟ ਲਿਮਟਿਡ	Plot No E 328 Industrial Area, Phase 8A, Mohali, Punjab	Plot No E 327 Industrial Area, Phase 8A, Mohali, PB
S1-891140425	S3-70084090	NAME_TRANSLITERATION	True	False	Shiva Foundation LLP	शिवा फाउंडेशन एलएलपी	Sco 262 Basement, Sector 14, Urban Estate, Panchkula, Panchkula, Haryana	Sco 26 Basement, Panchkula, HR
S1-747248158	S2-19172709	NAME_TRANSLITERATION	True	False	Supreme Trading Private Limited	सुप्रीम ट्रेडिंग प्राइवेट लिमिटेड	Jaipur, Rajasthan, 21A, Jaipur, Burmese Colony, Opposite Shankar Park, A, Gra Road	21, BURMESE COLONY, OPPOSITE SHANKAR PARK, A, GRA ROAD, DIVREPORTINGCIRCLE, JAIPUR, Rajasthan
S1-992843232	S2-187365411	NAME_TRANSLITERATION	True	False	High Sky Investments Private Limited	हाई स्काई इन्वेस्टमेंट्स प्राइवेट लिमिटेड	C/O Sanjeev Singh Indra Nagra Co., Shahjahanpur, Uttar Pradesh	C/O SANJEEV SINGH INDRA NAGRA CO., SHAHJAHANPUR, उत्तर प्रदेश
S1-245922535	S2-735011757	NAME_TRANSLITERATION	True	False	Arihant Good Developers Limited	अरिहंत गुड डेवलपर्स लिमिटेड	C/O Durgesh Kadwaya, Kadawaya, Ashok Nagar, Guna, Madhya Pradesh	ASHOK NAGAR, मध्य प्रदेश, C/O DURGESH KADWAYA, KADAWAYA, GUNA
S1-646888610	S2-125440547	NAME_TRANSLITERATION	True	False	Red Producer Private Limited	रेड प्रोड्यूसर प्राइवेट लिमिटेड	C/O Satendra Kumar, Laxmi Nagar Sonai Tappa, Mathura, Uttar Pradesh	C/O SATENDRA KUMAR, MATHURA, उत्तर प्रदेश
S1-279177673	S2-290712944	NAME_TRANSLITERATION	True	False	Global Black Infotech Private Limited	ಗ್ಲೋಬಲ್ ಬ್ಲ್ಯಾಕ್ ಇನ್‌ಫೋಟೆಕ್ ಪ್ರೈವೇಟ್ ಲಿಮಿಟೆಡ್	Bangalore, Karnataka, Lmcpl, 57/1A, 1St Floor, Unit-71, Devarabisanahalli Junction, Outer Ring Road, Bellandur Pos, T, Bangalore	LMCPL, BANGALORE, ಕರ್ನಾಟಕ
S1-674520130	S3-27091411	NAME_TRANSLITERATION	True	False	Tirupati Finance Private Limited	तिरुपति फाइनेंस प्राइवेट लिमिटेड	4Th Floor, Interface Bldg. 7, Off Malad Link Road Malad (West), Mumbai, Maharashtra	H.no 4Th Floor, Mumbai, MH
S1-5885313	S3-553816259	NAME_TRANSLITERATION	True	False	Shiv Technology Private Limited	शिव टेक्नोलॉजी प्राइवेट लिमिटेड	Lucknow, Vibhuti Khand Gomti Nagar, C-91, Uttar Pradesh	C-89, Lucknow, Vibhuti Khand Gomti Nagar, UP
S1-169369103	S2-639921238	NAME_TRANSLITERATION	True	False	Golden Business Private Limited	ಗೋಲ್ಡನ್ ಬಿಸಿನೆಸ್ ಪ್ರೈವೇಟ್ ಲಿಮಿಟೆಡ್	Hubli, Dharwar, Karnataka, Bardansal	PLOT 200/3 BARDANSAL, HUBBALLI, HUBLI DHARWAD, Karnataka
S1-89973283	S2-764741853	NAME_TRANSLITERATION	True	False	Global Shivam Estate Private Limited	ग्लोबल शिवम एस्टेट प्राइवेट लिमिटेड	1St Floor, Opp. Bikaner Sweets Near Old Bus Stand, Kurukshetra, Haryana	1ST FLOOR, OPP. BIKANER SWEETS NEAR OLD BUS STAND, KURUKSHETRA, हरियाणा
S1-169369103	S3-393973584	NAME_TRANSLITERATION	True	False	Golden Business Private Limited	ಗೋಲ್ಡನ್ ಬಿಸಿನೆಸ್ ಪ್ರೈವೇಟ್ ಲಿಮಿಟೆಡ್	Hubli, Dharwar, Karnataka, Bardansal	Plot ##263 Bardansal, Hubli, Dharwar, ಕರ್ನಾಟಕ
S1-514786764	S2-533936217	NAME_TRANSLITERATION	True	False	Red International Private Limited	रेड इंटरनेशनल प्राइवेट लिमिटेड	1305A, Brighton Tower Chsl, 2Nd Cross Lane, Lokhandwala Complex, Andheri West, Mumbai, Maharashtra	BLOCK C-C-206 1305A, GREATER MUMBAI, Maharashtra
S1-720046243	S3-444894208	NAME_TRANSLITERATION	True	False	Alpha Agro LLP	अल्फा एग्रो एलएलपी	New Delhi, 10Th Floor, Gopala Tower, 10A, Delhi, Central Delhi	0A, 10Th Floor, Gopala Tower, New Delhi, Central Delhi, DL
S1-784217487	S2-692372366	NAME_TRANSLITERATION	True	False	Tirupati Care	തിരുപ്പതി കെയർ	Melepurakkal Building, Puliyakkode Post, Ernad, Malappuram, Malapuram, Kerala	MELEPURAKKAL BUILDING, PULIYAKKODE POST, ERNAD, MALAPURAM, CALICUT, Kerala
S1-701667842	S2-471189679	NAME_TRANSLITERATION	True	False	Smart Infotech Private Limited	ஸ்மார்ட் இன்ஃபோடெக் பிரைவேட் லிமிடெட்	Sarvamhouse, Mowlivakkam, Chennai, Plotno.84&89, Doorno.63, Rajagopalapuram5Thstreet, Tamil Nadu	SARVAMHOUSE, MOWLIVAKKAM, CHENNAI, Tamil Nadu
S1-92146381	S2-801889890	NAME_TRANSLITERATION	True	False	Seven Hospitality LLP	ಸೆವೆನ್ ಹಾಸ್ಪಿಟಾಲಿಟಿ ಎಲ್ಎಲ್‌ಪಿ	Chitwadgi, Hospetbellary District Karnataka., Karnataka	#0060 CHITWADGI, HOSPETBELLARY DISTRICT KARNATAKA., ಕರ್ನಾಟಕ
S1-92146381	S3-883863409	NAME_TRANSLITERATION	True	False	Seven Hospitality LLP	ಸೆವೆನ್ ಹಾಸ್ಪಿಟಾಲಿಟಿ ಎಲ್ಎಲ್‌ಪಿ	Chitwadgi, Hospetbellary District Karnataka., Karnataka	Chitwadgi, Hospetbellary District Karnataka., KA
S1-124635230	S2-323562742	NAME_TRANSLITERATION	True	False	Ram Energy Private Limited	राम एनर्जी प्राइवेट लिमिटेड	Madhubani, Bihar, Madhubani, Vill- Pariharpur, Tola- Khoir Panchayat- Pariharpur, Block-Rajnagar	VILL- PARIHARPUR, MADHUBANI, बिहार
S1-546084163	S3-943022526	NAME_TRANSLITERATION	True	False	Alpha Products LLP	अल्फा प्रोडक्ट्स एलएलपी	Madhya Pradesh, Indore, Maloo01 Scheme 94, Sector C Near Velocity Cinema Ring Road, 404, Indore	4-04, Indore, MP
S1-803249203	S3-775784862	NAME_TRANSLITERATION	True	False	Baba Galaxy Software Private Limited	बाबा गैलेक्सी सॉफ्टवेयर प्राइवेट लिमिटेड	A-454Shastri Nagar, New Delhi, North Delhi, Delhi	#701 A-454shastri Nagar, North Delhi, New Delhi, DL
S1-201005864	S3-851598403	NAME_TRANSLITERATION	True	False	Raj Producer Private Limited	রাজ প্রডিউসার প্রাইভেট লিমিটেড	C/O Ambubachi India Pvt Ltd Sarkar Para Bankim Nagar, Po-Sevoke Road, Siliguri, Darjiling, Darjeeling, West Bengal	C/o Ambubachi India Pvt Ltd Sarkar Para Bankim Nagar, Po-sevoke Road, Siliguri, Darjiling, Darjeeling, পশ্চিমবঙ্গ
S1-12880868	S2-857628797	NAME_TRANSLITERATION	True	False	Shyam International	ಶ್ಯಾಮ್ ಇಂಟರ್‌ನ್ಯಾಷನಲ್	Madhav Nagar, 4Th Floor, Advanced Research Center, Udupi, Karnataka	4TH FLOOR, ADVANCED RESEARCH CENTER, UDUPI, MADHAV NAGR, Karnataka, UDUPI
S1-542125619	S2-294248101	NAME_TRANSLITERATION	True	False	Global International Pvt Ltd	ग्लोबल इंटरनेशनल प्रा. लि.	Shahnaz Villa Naglapatwari Barauli Road Aligarh, Uttar Pradesh, Aligarh, Uttar Pradesh	SHAHNAZ VILLA NAGLAPATWARI BARAULI ROAD ALIGARH, UTTAR PRADESH, ALIGARH, उत्तर प्रदेश
S1-731896861	S3-204429522	NAME_TRANSLITERATION	True	False	Gold Finance Private Limited	गोल्ड फाइनेंस प्राइवेट लिमिटेड	701, Panchvatika Chs Ltd, Off Yari Road, Andheri (W), Opp. Fishries Univercity Tr, Ust, Mumbai, Mumbai City, Maharashtra	70, Mumbai City, MH
S1-616035062	S3-316810802	NAME_TRANSLITERATION	True	False	Smart Hospitality LLP	स्मार्ट हॉस्पिटैलिटी एलएलपी	Tarin Bahadurganj Near Bsnl Exchange, Shahjahanpur, Uttar Pradesh	UP, Tarin Bahadurganj Near Bsnl Exchange, Shahjahanpur
S1-290699688	S2-81968568	NAME_TRANSLITERATION	True	False	Best Infra Private Limited	बेस्ट इंफ्रा प्राइवेट लिमिटेड	C/O Virendra Singh, Shahjhanpur, Alwar, Alwar, Rajasthan	C/O VIRENDRA SINGH, ALWAR, Rajasthan
S1-263918447	S2-668937710	NAME_TRANSLITERATION	True	False	Baba It Pvt Ltd	ਬਾਬਾ ਆਈਟੀ ਪ੍ਰਾ. ਲਿ.	C/O. Anu Kalra, 4560 Garden Colony Backside Dav College, Nakodar, Jalandhar, Punjab	C/O. ANU KALRA, NAKODAR, TUT KALAN, Punjab
S1-5885313	S3-271478311	NAME_TRANSLITERATION	True	False	Shiv Technology Private Limited	शिव टेक्नोलॉजी प्राइवेट लिमिटेड	Lucknow, Vibhuti Khand Gomti Nagar, C-91, Uttar Pradesh	C-89, Vibhuti Khand Gomti Nagar, Lucknow, UP
S1-412033175	S3-146239420	NAME_TRANSLITERATION	True	False	Shiva Exports	शिवा एक्सपोर्ट्स	Lakhi Industry House, L B Shastri Marg Bhandup, Mumbai, Maharashtra	MH, Mumbai, L B Shastri Marg Bhandup, Plot 760 Lakhi Industry House
S1-616035062	S3-867191184	NAME_TRANSLITERATION	True	False	Smart Hospitality LLP	स्मार्ट हॉस्पिटैलिटी एलएलपी	Tarin Bahadurganj Near Bsnl Exchange, Shahjahanpur, Uttar Pradesh	Shahjahanpur, उत्तर प्रदेश, Tarin Bahadurganj Near Bsnl Exchange, Shahjahanpur
S1-756955877	S2-833383699	NAME_TRANSLITERATION	True	False	Laxmi Investments Private Limited	लक्ष्मी इन्वेस्टमेंट्स प्राइवेट लिमिटेड	A1/A2 Colony, Sanfran Ashok City, Jhansi, Uttar Pradesh	A1/A2 COLONY, SANFRAN ASHOK CITY, JHANSI, Uttar Pradesh
S1-616035062	S2-607236637	NAME_TRANSLITERATION	True	False	Smart Hospitality LLP	स्मार्ट हॉस्पिटैलिटी एलएलपी	Tarin Bahadurganj Near Bsnl Exchange, Shahjahanpur, Uttar Pradesh	BUDAUN, SHAHJAHANPUR, Uttar Pradesh, TARIN BAHADURGANJ NEAR BSNL EXCHANGE
S1-279412353	S2-4895146	NAME_TRANSLITERATION	True	False	Aditya Industries Private Limited	आदित्य इंडस्ट्रीज प्राइवेट लिमिटेड	Delhi, North East Delhi, Fatak Mandoli Road, Ashok Nagar, Km Block	KM BLOCK, FATAK MANDOLI ROAD, ASHOK NAGAR, NORTH EAST DELHI, Delhi
S1-80750207	S3-857940581	NAME_TRANSLITERATION	True	False	Guru Builders Private Limited	गुरु बिल्डर्स प्राइवेट लिमिटेड	Govind Prajapat S/O Bhagwan Lal Rathasen Chonk, Sinhad, Nathdwara, Rajsamand, Rajasthan	Govind Prajapat S/o Bhagwan Lal Rathasen Chonk, Sinhad, Nathdwara, Rajsamand, RJ
S1-847299862	S3-251602828	NAME_TRANSLITERATION	True	False	Alpha Investment Private Limited	ಆಲ್ಫಾ ಇನ್ವೆಸ್ಟ್‌ಮೆಂಟ್ ಪ್ರೈವೇಟ್ ಲಿಮಿಟೆಡ್	C/O N Thimmaraju, No-9 W .No 12, Bangalore South, Bangalore Rural, Karnataka	C/o N Thimmaraju, Bangalore South, Bangalore Rural, KA
S1-279412353	S3-616573740	NAME_TRANSLITERATION	True	False	Aditya Industries Private Limited	आदित्य इंडस्ट्रीज प्राइवेट लिमिटेड	Delhi, North East Delhi, Fatak Mandoli Road, Ashok Nagar, Km Block	Km Block, Fatak Mandoli Road, Ashok Nagar, West Delhi, North East Delhi, DL
S1-358577937	S3-560858643	NAME_TRANSLITERATION	True	False	Indian Food Limited	इंडियन फूड लिमिटेड	Mahadev Nagar, Kailash Mode, Sikandra, Agra, Uttar Pradesh	Agra, UP, Mahadev Nagar, Agra
S1-415683118	S2-518266487	NAME_TRANSLITERATION	True	False	Future Baba Investments Private Limited	ಫ್ಯೂಚರ್ ಬಾಬಾ ಇನ್ವೆಸ್ಟ್‌ಮೆಂಟ್ಸ್ ಪ್ರೈವೇಟ್ ಲಿಮಿಟೆಡ್	A101, Bangalore, Karnataka, Bangalore North, Phase1Dsrwhitewaters, Doddakanneliroad	A101, PHASE1DSRWHITEWATERS, DODDAKANNELIROAD, BANGALORE NORTH, BENGALURU RURAL, Karnataka
S1-621373287	S2-303777179	NAME_TRANSLITERATION	True	False	Indo Developers Limited	ఇండో డెవలపర్స్ లిమిటెడ్	Flat No. 105, 1St Floor, Unnati Vistas, Westend Colony, Bandlaguda Jagir, Golconda, Hyderabad, Telangana	FLAT NO. 05, 1ST FLOOR, UNNATI VISTAS, WESTEND COLONY, BANDLAGUDA JAGIR, HYDERABAD, GOLCONDA, Andhra Pradesh
S1-992843232	S3-417212251	NAME_TRANSLITERATION	True	False	High Sky Investments Private Limited	हाई स्काई इन्वेस्टमेंट्स प्राइवेट लिमिटेड	C/O Sanjeev Singh Indra Nagra Co., Shahjahanpur, Uttar Pradesh	Shahjahanpur, C/o Sanjeev Singh Indra Nagra Co., UP, Shahjahanpur
S1-297715787	S3-678761660	NAME_TRANSLITERATION	True	False	Guru Foods Private Limited	গুরু ফুডস Private Limited	West Bengal, Kolkata, Parganas South, C/O Partha Sarathi Ganguli, Jyoti Villa Ghasiara More Nutan Pally Sonarpur	Block D-347 C/o Partha Sarathi Ganguli, Jyoti Villa Ghasiara More Nutan Pally Sonarpur, Parganas South, Kolkata, WB
S1-918736064	S2-499792414	NAME_TRANSLITERATION	True	False	Raj South Consultants	राज साउथ कंसल्टेंट्स	Plot No 207, Empress Mills Society, Shrinagar, Nagpur, Maharashtra	PNOT NO 07, NAGPUR, Maharashtra
S1-616035062	S3-620284706	NAME_TRANSLITERATION	True	False	Smart Hospitality LLP	स्मार्ट हॉस्पिटैलिटी एलएलपी	Tarin Bahadurganj Near Bsnl Exchange, Shahjahanpur, Uttar Pradesh	Shahjahanpur, Tarin Bahadurganj Near Bsnl Exchange, UP, Shahjahanpur
S1-260794224	S2-755718010	NAME_TRANSLITERATION	True	False	Baba Lotus Properties Limited	बाबा लोटस प्रॉपर्टीज लिमिटेड	A.B. Road, Manglia, Indore, Madhya Pradesh	A.B. ROAD, MANGLIA, INDORE, Madhya Pradesh
S1-853303216	S3-551207151	NAME_TRANSLITERATION	True	False	Supreme Services Limited	सुप्रीम सर्विसेज लिमिटेड	Ps - Babubarhi, Near Barail Chowk Khutauna Po - Teghra, Bihar, Madhubani	#14 Near Barail Chowk Khutauna Po - Teghra, Madhubani, BR
S1-546965039	S2-897788334	NAME_TRANSLITERATION	True	False	Golden Construction Private Limited	गोल्डन कंस्ट्रक्शन प्राइवेट लिमिटेड	C/O Badri Prasad Sharma S/O Jagan Lal Sharma, Hinduan Road, Masalpur Chungi, Karauli, Rajasthan	C/O BADRI PRASAD SHARMA S/O JAGAN LAL SHARMA, KARAULI, SAWAI MADHOPUR, Rajasthan
S1-691038794	S2-12479205	NAME_TRANSLITERATION	True	False	Smart Foods	ஸ்மார்ட் ஃபுட்ஸ்	No.579, Mig Type, Tnhb, Avadi, Tiruvallur, Thiruvarur, Tamil Nadu	NO.57, MIG TYPE, TNHB, AVADI, TIRUVALLUR, THIRUVARUR, Tamil Nadu
S1-674520130	S2-489066367	NAME_TRANSLITERATION	True	False	Tirupati Finance Private Limited	तिरुपति फाइनेंस प्राइवेट लिमिटेड	4Th Floor, Interface Bldg. 7, Off Malad Link Road Malad (West), Mumbai, Maharashtra	H.NO 4TH FLOOR, OFF MALAD LINK ROAD MALAD (WEST), MUMBAI, महाराष्ट्र
S1-691263064	S3-863925108	NAME_TRANSLITERATION	True	False	Baba Media Private Limited	বাবা মিডিয়া প্রাইভেট লিমিটেড	Vill - Nashipur P.O. - Pukhuria P.S. - Ratua, Malda, West Bengal	No 658 Vill - Nashipur P.o. - Pukhuria P.s. - Ratua, Malda, Pukhuria, WB
S1-359039319	S3-743328050	NAME_TRANSLITERATION	True	False	Silver Smart Finance Private Limited	सिल्वर स्मार्ट फाइनेंस प्राइवेट लिमिटेड	502, E Wing, B & C Block, Trade World, Kamala Mills, Mumbai, Maharashtra	702, Mumbai, MH
S1-359039319	S2-751647377	NAME_TRANSLITERATION	True	False	Silver Smart Finance Private Limited	सिल्वर स्मार्ट फाइनेंस प्राइवेट लिमिटेड	502, E Wing, B & C Block, Trade World, Kamala Mills, Mumbai, Maharashtra	50, E WING, B & C BLOCK, TRADE WORLD, KAMALA MILLS, GREATER BOMBAY, MUMBAI, Maharashtra
S1-297715787	S2-460592689	NAME_TRANSLITERATION	True	False	Guru Foods Private Limited	গুরু ফুডস প্রাইভেট লিমিটেড	West Bengal, Kolkata, Parganas South, C/O Partha Sarathi Ganguli, Jyoti Villa Ghasiara More Nutan Pally Sonarpur	C/O PARTHA SARATHI GFNGULI, JYOTI VILLA GHASIARA MORE NUTAN PALLY SONARPUR, KOLKATA, PARGANAS SOUTH, West Bengal
S1-245922535	S3-294036328	NAME_TRANSLITERATION	True	False	Arihant Good Developers Limited	अरिहंत गुड डेवलपर्स लिमिटेड	C/O Durgesh Kadwaya, Kadawaya, Ashok Nagar, Guna, Madhya Pradesh	C/o Durgesh Kadwaya, Ashok Nagar, Ashoknagar, MP
S1-34556665	S3-250991948	NAME_TRANSLITERATION	True	False	Indian Products Private Limited	इंडियन प्रोडक्ट्स प्राइवेट लिमिटेड	Unit No. 128A, D Mall, Plot No. A-1 Netaji Subhash Place, Pitampura, Delhi, North West, Delhi	Unit No. 128A, North West, Delhi, DL
S1-720046243	S3-759362549	NAME_TRANSLITERATION	True	False	Alpha Agro LLP	अल्फा एग्रो एलएलपी	New Delhi, 10Th Floor, Gopala Tower, 10A, Delhi, Central Delhi	0A, 10Th Floor, Gopala Tower, New Delhi, Central Delhi, दिल्ली
S1-384516457	S2-806692441	NAME_TRANSLITERATION	True	False	Modern Energy	മോഡേൺ എനർജി	Palm Tree Heritage Odayam Beach, Varkala, Thiruvananthapuram, Trivandrum, Kerala	PALM TREE HERITAGE ODAYAM BEACH, VARKALA, TRIVANDRUM, Kerala
S1-615309336	S3-728886868	NAME_TRANSLITERATION	True	False	Bharat Hari Business Pvt Ltd	భారత్ హరి బిజినెస్ ప్రైవేట్ లిమిటెడ్	To Plot No. 54/S, 2Nd Avenue, Anupuram, Dr. A.S., Rao Nagar, Ecil Post, Secunderabad, Hyderabad, Telangana	To Plot No. 5-4/S, Secunderabad, Hyderabad, తెలంగాణ
