s1_id	target_id	in_baseline_g_19_misses	s1_name	target_name	s1_address	target_address
S1-929404506	S3-485699460	True	Dk Marketing Private Limited	Dk Private Limited Partners #41313	13 Penn Court, Kolkata, Calcutta, West Bengal	
S1-683744230	S2-18802699	False	AS Solution Limited	assolution.com	1St Floor, D-Wong, Hdil Kaledonia Sahar Road, Andheri-East, Mumbai, Mumbai City, Maharashtra	#1ST FLOOR, MUMBAI, MUMBAI CITY, Maharashtra
S1-589264854	S2-344972710	False	All Indian Foods Private Limited	ऑल इंडियन फूड्स प्राइवेट लिमिटेड	9Thflr, Iconic Bldg, Urmi, Estate, Lowerparel (West), Mumbai, Maharashtra	9THFLR, MUMBAI, Maharashtra
S1-223338943	S3-825985181	True	TB Tradelinks LLP	TB LLP Center	Shahdara, A 78 Street No 05, Delhi, Shahdara, New Modern Shahdara	
S1-366520393	S2-387969176	True	Castillo Empire Bny	empirecastillo.com	1711 37th Avenue, Columbia Heights, MN	001711 37ST AVENUE, MINNEAOPLIS, MN
S1-209262995	S2-175454520	False	VM Impex Private Limited	Halorizanyla	Unit 4B, Mumbai, 4Th Floor, Lodha Excelus, Apollo Mills Compound, N.M Joshi Marg, Mahalaxmi, Maharashtra, Mumbai	UNIT 4B, MUMBAI, महाराष्ट्र
S1-202220816	S3-165062500	True	K+ Willow LLC	K+ Wllrow LLC	1432 Bayberry Court, Chesapeake City, VA	
S1-494471528	S2-36296537	True	Straight Edge Barbershop	Deltazeta	10848 54th Lane, Phoenix, AZ	54TH LN, LAVEEEN, AZ
S1-916865561	S2-429482293	False	Innovative Global Private Limited	इनोवेटिव ग्लोबल प्राइवेट लिमिटेड	F-84B, 3Rd Floor, Street No. 4, Mangal Bajar Laxmi Nagar, Delhi, East Delhi, Delhi	F-84B, N/A, DELHI
S1-589264854	S3-979754339	False	All Indian Foods Private Limited	ऑल इंडियन फूड्स प्राइवेट लिमिटेड	9Thflr, Iconic Bldg, Urmi, Estate, Lowerparel (West), Mumbai, Maharashtra	9Thflr, Mumbai, MH
S1-125740741	S3-499738976	False	Jrv Traders Private Limited	#jrvtraders	302, Green Field Apartmentsno>3, Prime Street, Richmond Town, Bangalore-25, Bangalore, Karnataka	00302, Bangalore, KA
S1-99587101	S2-358249255	False	Premier Finance LLP	प्रीमियर फाइनेंस एलएलपी	New Delhi, Delhi, Office No.304 Laxmi Nagar, H 30A 2Nd Floor, New Delhi	H 30A 2ND FLOR, NEW DELHI, Delhi
S1-786290125	S2-916288616	True	Al Industries Limited	Mr AL IEDURIES LIMITED	S-115/P, S-116/P, E-City, Raviryal Village, Maheshwaram Mandal, Rangareddy, K.V.Rangareddy, Telangana	
S1-162433474	S2-523017497	True	Green It Private Limited	GREEN IT PRIVTAE LIMITED	Office No 220 2Nd Floor, Global Business Park, Zirakpur, Mohali, Punjab	
S1-99587101	S2-66797723	False	Premier Finance LLP	प्रीमियर फाइनेंस एलएलपी	New Delhi, Delhi, Office No.304 Laxmi Nagar, H 30A 2Nd Floor, New Delhi	H 30A 2ND FLOOR, NEW DELHI, Delhi
S1-99587101	S3-903054703	False	Premier Finance LLP	प्रीमियर फाइनेंस एलएलपी	New Delhi, Delhi, Office No.304 Laxmi Nagar, H 30A 2Nd Floor, New Delhi	H 30A 2Nd Floor, New Delhi, DL
S1-388202046	S3-747619520	True	Jd Services LLP	Jd LLP Partners	Wz-79-C/8, Plot No. G-8, T/F, L/S, Gali No. 7, Virender Nagar, New Delhi, West Delhi, Delhi	
S1-599869526	S3-396293193	True	Decarlo Heritage Electric LLC	Fayeyuma	8418 Ii, WI, Town Of Wolf River	8400 1/2 Ii, Fremont, Wisconsin
S1-565551957	S2-982839186	True	X & W Flexible	X W & Fceeixble	7623 80, KY, Mayfield	
S1-866946030	S2-226941659	True	Tri-State Foundation LLC	TRISTATEFOUNDATION.COM	5045 121st Place, Alsip, IL	504 121RD PL, ASLIP CDP, IL
S1-212587898	S3-376794339	True	Malone Corporation	Mallone Corporation	N1848 Forest Lake Road, Town Of Auburn, WI	
S1-103266270	S3-629322375	True	My Consultancy Private Limited	ಮೈ ಕನ್ಸಲ್ಟೆನ್ಸಿ ಪ್ರೈವೇಟ್ ಲಿಮಿಟೆಡ್	No.3A, 3B, Elvs Road, Hanumanth Nagar, Puruvankara Main Road, Bilishivalle Village, Bangalore North, Bangalore, Karnataka	No.##3a, Kothanur, KA
S1-606104698	S3-111297978	True	XF Agricultural Pvt. Ltd.	XF Pvt. Ltd. Ltd. Center	1/104, Rashmi Hetal Iii, Near Ramdev Park, Mira Road East, Thane, Maharashtra	
S1-602029172	S3-630258153	True	F+ Blockchain LLC	F+ LLC Center	21 Trafton Street, York, ME	
S1-326626722	S2-927342266	True	TY Cap Inc	TY Inc Partners	IL, Bolingbrook, 623 Boughton Road, Unit 130	
