s1_id	target_id	s1_name	target_name	s1_address	target_address
S1-565551957	S2-982839186	X & W Flexible	X W & Fceeixble	7623 80, KY, Mayfield	
S1-103266270	S3-629322375	My Consultancy Private Limited	ಮೈ ಕನ್ಸಲ್ಟೆನ್ಸಿ ಪ್ರೈವೇಟ್ ಲಿಮಿಟೆಡ್	No.3A, 3B, Elvs Road, Hanumanth Nagar, Puruvankara Main Road, Bilishivalle Village, Bangalore North, Bangalore, Karnataka	No.##3a, Kothanur, KA
S1-650519043	S3-188471395	Supreme Creative Canary Inc	Ccsupreme.Com	2300 Sunset Avenue, Unit A, Gastonia, NC	230 Sunset Avenue, Unit A, Gastoni Acity, North Carolina
S1-202220816	S3-165062500	K+ Willow LLC	K+ Wllrow LLC	1432 Bayberry Court, Chesapeake City, VA	
S1-602029172	S3-630258153	F+ Blockchain LLC	F+ LLC Center	21 Trafton Street, York, ME	
S1-599869526	S3-396293193	Decarlo Heritage Electric LLC	Fayeyuma	8418 Ii, WI, Town Of Wolf River	8400 1/2 Ii, Fremont, Wisconsin
S1-501450329	S2-199259611	East All Estate Private Limited	ইস্ট অল এস্টেট প্রাইভেট লিমিটেড	Dishari, 1983, Rajdanga Main Road Ground Floor, Kolkata, Kolkata, Howrah, West Bengal	DIHARI, CALCUTTA, HOWRAH, West Bengal
S1-252340060	S2-204288997	Vision Care Limited	विजन केयर लिमिटेड	C/O Kisan M Bhendarkar At Virlee Ta Lakhandur, Lakhandur, Bhandara, Maharashtra	C/O KISAN M BHENDARAR AT VIRLEE TA LAKHANDUR, LAKHANDUR, LAKHANDUL, Maharashtra
S1-366520393	S2-387969176	Castillo Empire Bny	empirecastillo.com	1711 37th Avenue, Columbia Heights, MN	001711 37ST AVENUE, MINNEAOPLIS, MN
S1-494471528	S2-36296537	Straight Edge Barbershop	Deltazeta	10848 54th Lane, Phoenix, AZ	54TH LN, LAVEEEN, AZ
